Reference Number,Stimulus,Exam,Question Pool,Tags,Option 1,Option 2,Option 3,Option 4,Correct Answer,ImageFileName,TagsToSyllabus,Section,Topic,Tag
2025-Full439,"The licensee may, in any operations conducted under the licence",2025 Full V1.6b,2025 Full V1.6b - Amateur Radio,A1C_1,have direct or indirect commerical interest in those operations,have no commercial interest in those operations,conduct business in those operations,have only indirect commercial interest in those operations,B,,1C1,Licensing conditions and station identification ,Messages,AAR_1
2025-Full6007,You are helping at a field first aid post tent run by St John Ambulance when a paramedic asks you to send a message relating to a particular patient. It is clear that some details are deliberately obscured. You should,2025 Full V1.6b,2025 Full V1.6b - Amateur Radio,A1C_1,pass the message omitting the obscured parts.,ask for the obscured details to be clarified.,decline to send the message because its meaning is obscured.,pass the message exactly as written.,D,,1C1,Licensing conditions and station identification ,Messages,AAR_1
2025-Full6008,"Under what circumstances, if any, is it permissible to send a message the meaning of which has been obscured?",2025 Full V1.6b,2025 Full V1.6b - Amateur Radio,A1C_1,When a member of a User Service specifically asks you to.,When you can see that the name of a casualty would otherwise be overheard.,Only when you are on a previously arranged exercise conducted by a User Service.,"When, having read the message, you consider it diplomatic or sensible to do so.",A,,1C1,Licensing conditions and station identification ,Messages,AAR_1
2025-Full6009,Which one of the following messages is subject to licence restrictions?,2025 Full V1.6b,2025 Full V1.6b - Amateur Radio,A1C_1,A message sent in a language not normally heard in your location.,A message which includes several Q-codes.,A message designed to make its meaning unintelligible.,A message which is a sound recording in Morse code.,C,,1C1,Licensing conditions and station identification ,Messages,AAR_1
2025-Full7651,Which one of the circumstances listed would allow you to pass an encrypted message on behalf of another person?,2025 Full V1.6b,2025 Full V1.6b - Amateur Radio,A1C_1,The message contains the name and address of a casualty.,The message has been given to you by a member of a User Service.,The message contains particularly unpleasant details of injuries.,The message has been given to you by the casualty in person.,B,,1C1,Licensing conditions and station identification ,Messages,AAR_1
2025-Full8111,What is the difference between using codes and encrypting a message?,2025 Full V1.6b,2025 Full V1.6b - Amateur Radio,A1C_1,"No actual difference, just normal usage of the English language.",Codes use private pre-agreed meanings of symbols or words but encryption does not.,"Codes are for use between people, encryption is for machine to machine communication.","A code is a tool to enhance communication, encryption is intended to obscure it.",D,,1C1,Licensing conditions and station identification ,Messages,AAR_1
2025-Full8112,What are the occasions where use of encryption is in accordance with the licence terms?,2025 Full V1.6b,2025 Full V1.6b - Amateur Radio,A1C_1,Personal use of an amateur satellite.,When discussing personally sensitive matters.,Control of an amateur satellite.,When contacting foreign amateurs.,C,,1C1,Licensing conditions and station identification ,Messages,AAR_1
2025-Full8109,"A point to bear in mind, when contacting overseas amateurs, is that",2025 Full V1.6b,2025 Full V1.6b - Amateur Radio,A1C_1,the call may be overheard by several local amateurs.,their cultural norms and sensitivities may be different to yours.,upper sideband is always used for contacts outside the United Kingdom.,there is a greater risk of frequency instability via the ionosphere.,B,,1C1,Licensing conditions and station identification ,Messages,AAR_2
2025-Full8110,How should you behave on-air considering that amateurs will have diverse cultural norms and sensitivities?,2025 Full V1.6b,2025 Full V1.6b - Amateur Radio,A1C_1,Amateur operators worldwide recognise potential cultural differences and are unlikely to take offence at what you say.,All conversations should be strictly limited to technical topics related to amateur radio.,You must adhere to licensing rules that prohibit discussions involving religion or politics.,You should remain considerate and avoid topics or behaviour that could cause offence.,D,,1C1,Licensing conditions and station identification ,Messages,AAR_2
2025-Full8126,You are on 2m having a conversation with a friend when another radio amateur comes in on the conversation and indicates he finds the subject of your conversation offensive. Do you:-,2025 Full V1.6b,2025 Full V1.6b - Amateur Radio,A1C_1,Ignore the person and carry on the conversation.,Consider if the person has a valid point and change the topic of the conversation.,Indicate it is a free country and you are entitled to talk about any subject on amateur radio.,Tell the person if he is unhappy refer the matter to Ofcom and carry on with the conversation.,B,,1C1,Licensing conditions and station identification ,Messages,AAR_2
2025-Full6010,Testing a home-made VFO shows it is stable to about 1%. What is the most serious problem you are likely to encounter on-air when using it for transmitting on 14.346 MHz upper sideband?,2025 Full V1.6b,2025 Full V1.6b - Amateur Radio,A1D_1,The possibility of transmitting out of band.,Interference to non-amateur stations on immediately adjacent bands.,Harmonics of your transmission in the 21 and 28MHz amateur bands.,The need for your distant contact to retune his receiver occasionally.,A,,1D1,Licensing conditions and station identification ,"Apparatus, inspection and closedown",AAR_3
2025-Full75,Your Licence requires that your amateur station MUST NOT cause,2025 Full V1.6b,2025 Full V1.6b - Amateur Radio,A1D_1,any interference to electrical or electro-mechanical devices,any interference to other radio users,undue interference to any electrical equipment,undue interference to other wireless telegraphy,D,,1D1,Licensing conditions and station identification ,"Apparatus, inspection and closedown",AAR_3
2025-Full8081,What is the best reason for avoiding causing Undue Interference to other radio users?,2025 Full V1.6b,2025 Full V1.6b - Amateur Radio,A1D_1,It is a specific condition of the licence.,It is simply not the way to behave.,It may affect a user service.,It can inconvenience or disrupt commercial activities.,C,,1D1,Licensing conditions and station identification ,"Apparatus, inspection and closedown",AAR_3
2025-Full8082,Some amateur facilities will receive transmissions in one band and re-transmit them in a different band: so why is it desirable to have the ability to receive on both bands?,2025 Full V1.6b,2025 Full V1.6b - Amateur Radio,A1D_1,It is a specific requirement in the Amateur Radio Wireless Telegraphy Licence Conditions Booklet.,"You may also want to hold simplex contacts, transmitting and receiving on the same frequency, in both of the bands concerned.",It is necessary for you to be able to hear the reply from the station you are in contact with.,If you are causing interference it is likely that the interfered station will reply on your transmit frequency.,D,,1D1,Licensing conditions and station identification ,"Apparatus, inspection and closedown",AAR_3
2025-Full8001,An amateur must ensure that possible exposure to electro-magnetic fields from their station is within the ICNIRP guidelines in,2025 Full V1.6b,2025 Full V1.6b - Amateur Radio,A1G_1,areas accessible to the general public.,the amateur's own enclosed garden.,areas accessible to wild animals.,"all areas near the station, accessible or not.",A,,1G1,Licensing conditions and station identification ,Electromagnetic Fields,AAR_4
2025-Full8003,The determination of the safe levels for human exposure to electromagnetic fields were performed on behalf of the,2025 Full V1.6b,2025 Full V1.6b - Amateur Radio,A1G_1,ITU,IARU,ICNIRP,RSGB,C,,1G1,Licensing conditions and station identification ,Electromagnetic Fields,AAR_4
2025-Full8006,What is the area over which the general public need to be protected from electromagnetic fields exceeding the specified limits?,2025 Full V1.6b,2025 Full V1.6b - Amateur Radio,A1G_1,The area identified by a compliance check based on the ITU guidelines.,The area identified by a compliance check based on ICNIRP guidelines.,The premises and ground area given by the Main Station Address.,The premises and ground area currently in use by the station.,B,,1G1,Licensing conditions and station identification ,Electromagnetic Fields,AAR_4
2025-Full8008,What is the purpose of considering the transmission mode when assessing electromagnetic field compliance?,2025 Full V1.6b,2025 Full V1.6b - Amateur Radio,A1G_1,It ensures the maximum transmit power is used to ensure the limit is not exceeded.,It allows for the proportion of transmission time over a 6 minute window.,The peak transmitted power will depend on the selected 'mode factor'.,It allows for the different average transmit powers over the time period.,D,,1G1,Licensing conditions and station identification ,Electromagnetic Fields,AAR_4
2025-Full8009,"When conducting an EMF assessment, what is the purpose of considering the proportion of the time spent transmitting over any 6-minute time period?",2025 Full V1.6b,2025 Full V1.6b - Amateur Radio,A1G_1,The regulations allow averaging of transmit time to assess the overall heating effect on body tissue.,The peak transmitted power should not exceed the limit more than once in a 6 minute time period.,The mode of transmission affects the time period over which the tissue heating effect should be considered.,The 6 minute time period is intended to limit the time of continuous heating to a safe level.,A,,1G1,Licensing conditions and station identification ,Electromagnetic Fields,AAR_4
2025-Full8017,Why does the mode of transmission matter when assessing compliance with the licence requirement for electromagnetic fields?,2025 Full V1.6b,2025 Full V1.6b - Amateur Radio,A1G_1,It determines the maximum transmit time in minutes.,It sets the peak to average transmit power.,It allows for the transmit/receive time ratio.,It corrects for people being out of the main beam.,B,,1G1,Licensing conditions and station identification ,Electromagnetic Fields,AAR_4
2025-Full4060,When operating on 5.300MHz the maximum radiated power must not exceed,2025 Full V1.6b,2025 Full V1.6b - Amateur Radio,A1H_1,100W,100W pep,200W eirp,200W pep,C,,1H1,Licensing conditions and station identification ,Licence Schedule (schedule below 30MHz),AAR_5
2025-Full4092,You are operating on the 60m band and form a net with a group of radio amateurs. In order to comply with your licence conditions you must give your callsign,2025 Full V1.6b,2025 Full V1.6b - Amateur Radio,A1H_1,on joining and leaving the net.,when contacting other net members.,every 30 minutes when you are speaking.,when requested to do so by the station controlling the net.,A,,1H1,Licensing conditions and station identification ,Licence Schedule (schedule below 30MHz),AAR_5
2025-Full76,Which one of the following bands is NOT authorised under the terms of the Amateur Radio Licence?,2025 Full V1.6b,2025 Full V1.6b - Amateur Radio,A1H_1,24.0-24.1MHz,7.0-7.1MHz,3.5-3.8MHz,28.0-29.7MHz,A,,1H1,Licensing conditions and station identification ,Licence Schedule (schedule below 30MHz),AAR_5
2025-Full7657,When operating within the 5MHz band while at a temporary location you must give the location of your station to an accuracy of at least,2025 Full V1.6b,2025 Full V1.6b - Amateur Radio,A1H_1,5 miles every 15 minutes.,5 miles every 30 minutes.,5km every 15 minutes.,5km every 30 minutes.,D,,1H1,Licensing conditions and station identification ,Licence Schedule (schedule below 30MHz),AAR_5
2025-Full7658,When operating within the 5MHz band while at a temporary location you must,2025 Full V1.6b,2025 Full V1.6b - Amateur Radio,A1H_1,give your location every 15 minutes.,be within reach of a working telephone.,limit your power to 100W ERP.,limit the antenna height to 15 metres.,B,,1H1,Licensing conditions and station identification ,Licence Schedule (schedule below 30MHz),AAR_5
2025-Full3972,It is proposed to set up a data repeater and tests on the filtering show that for adequate suppression the transmit and receive signals need to be 12MHz apart. The lowest frequency amateur band that might be suitable is the,2025 Full V1.6b,2025 Full V1.6b - Amateur Radio,A1H_2,13cm band,70cm band,2m band,23cm band,D,,1H1,Licensing conditions and station identification ,Licence Schedule (schedule above 30MHz),AAR_6
2025-Full8113,Operation on part of the UHF frequency band is restricted close to London. What distance is given in the licence.?,2025 Full V1.6b,2025 Full V1.6b - Amateur Radio,A1H_2,100 miles,100km,50 miles,50km,B,,1H1,Licensing conditions and station identification ,Licence Schedule (schedule above 30MHz),AAR_6
2025-Full8114,Which frequency band required written consent from Ofcom?,2025 Full V1.6b,2025 Full V1.6b - Amateur Radio,A1H_2,24.05 to 24.15GHz,5.83 to 5.85GHz,2390 to 2400MHz,431 to 432MHz,A,,1H1,Licensing conditions and station identification ,Licence Schedule (schedule above 30MHz),AAR_6
2025-Full8115,Which amateur band is partly limited to a Peak Envelope Power Limit of 40W ERP?,2025 Full V1.6b,2025 Full V1.6b - Amateur Radio,A1H_2,12mm,70cm,23cm,9cm,B,,1H1,Licensing conditions and station identification ,Licence Schedule (schedule above 30MHz),AAR_6
2025-Full8116,On which amateur band are you limited to at transmit power of 100W?,2025 Full V1.6b,2025 Full V1.6b - Amateur Radio,A1H_2,430 to 431MHz,438 to 440MHz,51 to 52MHz,70 to 70.5MHz,C,,1H1,Licensing conditions and station identification ,Licence Schedule (schedule above 30MHz),AAR_6
2025-Full8117,On which of the following frequencies may a satellite transmit to Earth but on which you must not reply?,2025 Full V1.6b,2025 Full V1.6b - Amateur Radio,A1H_2,24.02GHz,10.48GHz,1265MHz,5840MHz,D,,1H1,Licensing conditions and station identification ,Licence Schedule (schedule above 30MHz),AAR_6
2025-Full7660,Unattended beacons operating at 1298.5MHz cannot be set up in,2025 Full V1.6b,2025 Full V1.6b - Amateur Radio,A1H_3,Scotland.,Jersey.,Guernsey.,Northern Ireland.,D,,1H1,Licensing conditions and station identification ,Licence Schedule (notice of co-ordination),AAR_7
2025-Full8118,"On which amateur band does a proposal to deploy a repeater, beacon, gateway or data station require Ofcom to co-ordinate with the CAA?",2025 Full V1.6b,2025 Full V1.6b - Amateur Radio,A1H_3,23cm,70cm,9cm,13cm,A,,1H1,Licensing conditions and station identification ,Licence Schedule (notice of co-ordination),AAR_7
2025-Full8119,What is the power limit in the 70cm band above which a beacon requires co-ordination with the MOD?,2025 Full V1.6b,2025 Full V1.6b - Amateur Radio,A1H_3,10W,25W,32W,500mW,B,,1H1,Licensing conditions and station identification ,Licence Schedule (notice of co-ordination),AAR_7
2025-Full8120,What is the restriction in the 2m band applying to a Beacon within 50km of NGR TA 012869?,2025 Full V1.6b,2025 Full V1.6b - Amateur Radio,A1H_3,Co-ordination with the MOD must be completed before use.,The antenna height shall not exceed 20m above ground level.,It must not be left unattended.,It is limited in power to 500mW ERP,C,,1H1,Licensing conditions and station identification ,Licence Schedule (notice of co-ordination),AAR_7
2025-Full8121,Before submitting a request for clearance to Ofcom in the 1240 to 1325MHz bands it is first necessary to,2025 Full V1.6b,2025 Full V1.6b - Amateur Radio,A1H_3,ensure it is at least 25km from any ship to shore radio station.,demonstrate that a trial beacon transmitting at not more than 5W has been active without complaint for at least three months.,shown that the Maritime and Coastguard Agency do not have any co-ordination difficulties.,obtain a provisional callsign from the RSGB.,D,,1H1,Licensing conditions and station identification ,Licence Schedule (notice of co-ordination),AAR_7
2025-Full3361,The circuit diagram shows an NPN transistor being used as an amplifier. The potential difference across the Base-Emitter junction is 0.6Volt and there is 1V across Re. Which resistor may be used for R1 in order to create the correct transistor bias. You may assume the base current is insignificant.,2025 Full V1.6b,2025 Full V1.6b - Technical Aspects,A2B_1,8.2k,10k,12k,15k,B,2025-Full3361.svg,2B1,Technical aspects,Power,ATA_1
2025-Full459,A 50Ω dummy load is connected to a transceiver and 100V of RF is noted on transmit. What is the transceiver's output power?,2025 Full V1.6b,2025 Full V1.6b - Technical Aspects,A2B_1,2W,50W,200W,5000W,C,,2B1,Technical aspects,Power,ATA_1
2025-Full7664,What current will be drawn from the battery?,2025 Full V1.6b,2025 Full V1.6b - Technical Aspects,A2B_1,3mA.,4mA.,4.8mA.,5.2mA.,B,2025-Full7664.png,2B1,Technical aspects,Power,ATA_1
2025-Full7666,There is 6V across the 1kΩ resistor. What is the battery voltage?,2025 Full V1.6b,2025 Full V1.6b - Technical Aspects,A2B_1,24V,36V,45V,60V,D,2025-Full7666.png,2B1,Technical aspects,Power,ATA_1
2025-Full7667,The 1kΩ resistor is dissipating 2W of heat. What is the dissipation in the 4kΩ resistor?,2025 Full V1.6b,2025 Full V1.6b - Technical Aspects,A2B_1,6W,8W,12W,40W,B,2025-Full7667.png,2B1,Technical aspects,Power,ATA_1
2025-Full3555,The diagram shows an air spaced capacitor. Sheets of glass are inserted to fill the spaces between the plates. What effect will this have?,2025 Full V1.6b,2025 Full V1.6b - Technical Aspects,A2D_1,The capacitance will not change but the breakdown voltage will be higher.,It will make no difference to the capacitance but it will be less susceptible to vibration.,The breakdown voltage will be higher and the capacitance will reduce.,The capacitance will increase and the breakdown voltage will be higher.,D,2025-Full3555.svg,2D1,Technical aspects,Reactive components,ATA_2
2025-Full460,A capacitor can have its capacitance reduced by,2025 Full V1.6b,2025 Full V1.6b - Technical Aspects,A2D_1,increasing the distance between the plates,increasing the area of the plates,operating well below the breakdown voltage,using a dielectric with a higher relative permittivity,A,,2D1,Technical aspects,Reactive components,ATA_2
2025-Full8026,As the frequency increases from LF to UHF it is likely that for plastic film capacitors,2025 Full V1.6b,2025 Full V1.6b - Technical Aspects,A2D_2,the losses will increase.,the losses will decrease.,the capacitance will increase.,the capacitance will decrease.,A,,2D2,Technical aspects,Reactive components,ATA_2
2025-Full4063,You notice the polythene capacitors in the output filter of your HF transmitter get warm when operating on 29MHz but not so on 1.8MHz even though you are running at a higher power since your antenna is less efficient on the lower frequency. This is probably because,2025 Full V1.6b,2025 Full V1.6b - Technical Aspects,A2D_2,there are more harmonics to suppress when operating on higher frequencies,the matching is better on the lower bands so the SWR is reduced,the polythene dielectric has higher losses at higher frequencies,the lower antenna efficiency means more power is dissipated in the transmitter,C,,2D2,Technical aspects,Reactive components,ATA_2
2025-Full98,"As a general rule, the losses associated with the dielectric of a capacitor",2025 Full V1.6b,2025 Full V1.6b - Technical Aspects,A2D_2,decrease as the frequency is increased,depend on the circuit time constant,do not change as the frequency is changed,increase as the frequency is increased,D,,2D2,Technical aspects,Reactive components,ATA_2
2025-Full7886,A capacitor is marked as 0.1µF 250V. What does the 250V parameter indicate?,2025 Full V1.6b,2025 Full V1.6b - Technical Aspects,A2D_3,The maximum continuous rms voltage that should be applied.,The maximum voltage that the capacitor is rated to withstand.,That the capacitor is suitable for use in mains powered circuits.,That the value of capacitance is correct at that voltage.,B,,2D3,Technical aspects,Reactive components,ATA_2
2025-Full95,Which of the following factors would be most important in selecting a suitable reservoir capacitor for use in a mains power supply unit?,2025 Full V1.6b,2025 Full V1.6b - Technical Aspects,A2D_3,Spacing of the plates,Working voltage,Physical size,Type of dielectric,B,,2D3,Technical aspects,Reactive components,ATA_2
2025-Full96,Using a capacitor above its breakdown voltage is likely to,2025 Full V1.6b,2025 Full V1.6b - Technical Aspects,A2D_3,result in an increase in capacitance,cause the capacitor to become a 'short - circuit',cause the capacitor to become inductive,increase the dielectric losses and lower the Q-factor,B,,2D3,Technical aspects,Reactive components,ATA_2
2025-Full104,As the current through a coil increases the resultant magnetic field causes an effect that opposes the increase. This is known as the,2025 Full V1.6b,2025 Full V1.6b - Technical Aspects,A2D_4,back EMF,permeability of the core,reverse bias,Edison effect,A,,2D4,Technical aspects,Reactive components,ATA_3
2025-Full105,"The back EMF created when a current changes, is due to the",2025 Full V1.6b,2025 Full V1.6b - Technical Aspects,A2D_4,inductance in a coil of wire carrying the current,increase in voltage as current charges a capacitor,increase in voltage as a secondary cell is charged,voltage across a reverse biased diode in a full wave circuit,A,,2D4,Technical aspects,Reactive components,ATA_3
2025-Full106,Self Inductance is the inductance,2025 Full V1.6b,2025 Full V1.6b - Technical Aspects,A2D_4,between two coils of wire wound on the same bobbin,between the primary and secondary of a transformer,between the two windings of a bifilar wound coil (two wires wound simultaneously),of a single coil of wire,D,,2D4,Technical aspects,Reactive components,ATA_3
2025-Full3689,The switch in the diagram is initially closed and the current is steady. The switch is then opened and a spark is seen to pass between the switch contacts. The reason for this is that the,2025 Full V1.6b,2025 Full V1.6b - Technical Aspects,A2D_4,back-EMF of the resistor is large enough to cause an arc,self-inductance of the coil rises sharply as the switch opens,back-EMF of the coil is large enough to cause an arc,EMF of the battery reaches a peak upon opening the switch,C,2025-Full3689.svg,2D4,Technical aspects,Reactive components,ATA_3
2025-Full7674,The drawing shows the circuit of a switching transistor controlling the current in the coil of a relay. The base is fed with regular pulses to cause the relay contacts to close. Which circuit will minimise the voltage spikes caused by the the switching?,2025 Full V1.6b,2025 Full V1.6b - Technical Aspects,A2D_4,Circuit 1.,Circuit 2.,Circuit 3.,Circuit 4.,B,2025-Full7674.png,2D4,Technical aspects,Reactive components,ATA_3
2025-Full7706,"In the case of self-inductance, the magnetic field created by a changing",2025 Full V1.6b,2025 Full V1.6b - Technical Aspects,A2D_4,current induces a voltage in the same circuit.,voltage induces a current in the same circuit.,resistance induces a voltage in the same circuit.,voltage induces a resistance in the same circuit.,A,,2D4,Technical aspects,Reactive components,ATA_3
2025-Full110,An inductor of negligible resistance is inserted in a series circuit comprising a battery and a resistor. Its effect will be to,2025 Full V1.6b,2025 Full V1.6b - Technical Aspects,A2D_7,slow down the rise in current when the circuit is completed,increase the current flowing,speed up the fall in current when the circuit is broken,reduce the current flowing,A,,2D7,Technical aspects,Reactive components,ATA_4
2025-Full3556,The neon bulb in the figure needs about 65V to cause it to 'strike'. Approximately how long after switch on will it light?,2025 Full V1.6b,2025 Full V1.6b - Technical Aspects,A2D_7,500ms,5ms,5s,50ms,C,2025-Full3556.svg,2D7,Technical aspects,Reactive components,ATA_4
2025-Full3690,"A series circuit is made from an inductor, resistor and switch connected to a battery. At the instant the switch is closed there is zero current in the circuit. The reason for this is that the",2025 Full V1.6b,2025 Full V1.6b - Technical Aspects,A2D_7,internal resistance of the battery briefly opposes the circuit current,back EMF of the inductor is equal and opposite to the EMF of the battery,neutrons in the wire take a short time to get moving in unison,current from the battery takes a short period of time to get round the circuit,B,,2D7,Technical aspects,Reactive components,ATA_4
2025-Full462,A high voltage power supply for a valve transmitter produces about 1500V. The smoothing capacitor is 100µF and the bleeder resistor is 600kΩ. 1 minute after switch-off the PD across the capacitor will be approximately,2025 Full V1.6b,2025 Full V1.6b - Technical Aspects,A2D_7,50V,1500V,1000V,500V,D,,2D7,Technical aspects,Reactive components,ATA_4
2025-Full7676,The switch S in the diagram is closed at time t=0. Which graph correctly shows the voltage across the resistor after the switch is closed?,2025 Full V1.6b,2025 Full V1.6b - Technical Aspects,A2D_7,Graph 1,Graph 2,Graph 3,Graph 4,B,2025-Full7676.png,2D7,Technical aspects,Reactive components,ATA_4
2025-Full7889,The drawing shows part of the circuit of a Morse key. The voltage source and 1kΩ resistor are inside the transmitter and the coil is added externally to slow the rise and fall of the keying waveform. What is the time constant of the keying circuit?,2025 Full V1.6b,2025 Full V1.6b - Technical Aspects,A2D_7,800µs,800ms,1.25µs,1.25ms,A,2025-Full7889.png,2D7,Technical aspects,Reactive components,ATA_4
2025-Full118,"In constructing an antenna matching circuit, a capacitor with a reactance of about 190Ω at 7MHz is required. The most suitable value of capacitor would be",2025 Full V1.6b,2025 Full V1.6b - Technical Aspects,A2E_3,56pF,120pF,82pF,22pF,B,,2E3,Technical aspects,AC theory,ATA_5
2025-Full120,The reactance of a 1µH inductor at 16MHz is approximately,2025 Full V1.6b,2025 Full V1.6b - Technical Aspects,A2E_3,1000Ω,1Ω,0.01Ω,100Ω,D,,2E3,Technical aspects,AC theory,ATA_5
2025-Full124,The graph shows the potential differences (PD) in a circuit comprising a resistor and a capacitor connected in series and fed from an AC source.,2025 Full V1.6b,2025 Full V1.6b - Technical Aspects,A2E_3,V1 is the PD between points A and B; V2 is the PD between points A and C,V1 is the PD between points B and C; V2 is the PD between points A and B,V1 is the PD between points A and C; V2 is the PD between points B and C,V1 is the PD between points A and B; V2 is the PD between points B and C,B,2025-Full124.svg,2E3,Technical aspects,AC theory,ATA_5
2025-Full671,The reactance of the inductor in a 14MHz antenna trap is known to be 200Ω. The capacitor required to complete the tuned circuit would need to have a value of approximately,2025 Full V1.6b,2025 Full V1.6b - Technical Aspects,A2E_3,120pF,12pF,56pF,560pF,C,,2E3,Technical aspects,AC theory,ATA_5
2025-Full127,"In the circuit shown, C1 is used as",2025 Full V1.6b,2025 Full V1.6b - Technical Aspects,A2E_4,a coupling capacitor,an RF bypass capacitor,a decoupling capacitor,a frequency matching capacitor,A,2025-Full127.svg,2E4,Technical aspects,AC theory,ATA_5
2025-Full3322,The circuit diagram shows an oscillator. The function of capacitor C relies upon the ability of a capacitor to,2025 Full V1.6b,2025 Full V1.6b - Technical Aspects,A2E_4,prevent direct current entering further circuit stages,prevent alternating current entering further circuit stages,set the frequency of oscillation,smooth alternating currents,A,2025-Full3322.svg,2E4,Technical aspects,AC theory,ATA_5
2025-Full7679,A 0.1mH ferrite cored coil is fitted on the back of the microphone socket of a transceiver so it is in series with the connection to the circuit board and microphone amplifier. What is its likely purpose?,2025 Full V1.6b,2025 Full V1.6b - Technical Aspects,A2E_5,To tailor the frequency response of the audio path to the modulator.,To act as an anti-aliasing filter prior to digital sampling.,To reduce the likelihood of background noise activating the VOX circuits.,To minimse any RF signals into the microphone amplifier.,D,,2E5,Technical aspects,AC theory,ATA_5
2025-Full3569,In the circuit shown the RMS voltage between points A and B will be approximately,2025 Full V1.6b,2025 Full V1.6b - Technical Aspects,A2E_6,50V,200V,100V,140V,B,2025-Full3569.svg,2E6,Technical aspects,AC theory,ATA_5
2025-Full4076,A resistor of 4000Ω and a capacitor of 27pF are connected in series. What is the impedance of the combination at 1.965MHz?,2025 Full V1.6b,2025 Full V1.6b - Technical Aspects,A2E_6,5000 ohms,3000 ohms,5300 ohms,7000 ohms,A,,2E6,Technical aspects,AC theory,ATA_5
2025-Full758,A 1000Ω resistor is in series with a pure reactance of 1000Ω. What is the approximate impedance of this series circuit?,2025 Full V1.6b,2025 Full V1.6b - Technical Aspects,A2E_6,700Ω,1400Ω,500Ω,2000Ω,B,,2E6,Technical aspects,AC theory,ATA_5
2025-Full771,A 300Ω resistor and an 8µF capacitor are connected in series to the secondary of a 50 to 1 (50:1) ratio step-down transformer the primary of which is connected to a 250V 50Hz mains supply. What current will flow through the resistor?,2025 Full V1.6b,2025 Full V1.6b - Technical Aspects,A2E_6,7mA,3mA,10mA,70mA,C,,2E6,Technical aspects,AC theory,ATA_5
2025-Full6015,"To digitize an analogue signal within the range 20Hz to 14kHz, which is the lowest sample rate that will capture the signals?",2025 Full V1.6b,2025 Full V1.6b - Technical Aspects,A2F_1,44k samples/second.,40k samples/second.,30k samples/second.,14k samples/second.,C,,2F1,Technical aspects,Digital signals,ATA_6
2025-Full6019,An anti-alias filter should be positioned,2025 Full V1.6b,2025 Full V1.6b - Technical Aspects,A2F_1,prior to the digital to analogue converter,prior to the analogue to digital converter,immediately after the analogue to digital converter.,immediately after the digital to analogue converter.,B,,2F1,Technical aspects,Digital signals,ATA_6
2025-Full7395,"A phenomenon known as ""aliasing"" is caused by",2025 Full V1.6b,2025 Full V1.6b - Technical Aspects,A2F_1,inadequate filtering of the digital signal after the analogue signal has been sampled.,lower frequencies being present that the ADC is designed to accept.,higher analogue frequencies being present than the ADC is designed to accept.,a higher sampling rate than is required for the analogue bandwidth concerned.,C,,2F1,Technical aspects,Digital signals,ATA_6
2025-Full7645,A software defined receiver is sampling the output of the RF front end amplifier at 80M samples/s. Which filter response should be incorporated in the RF amplifier to avoid aliasing?,2025 Full V1.6b,2025 Full V1.6b - Technical Aspects,A2F_1,Response 1,Response 2,Response 3,Response 4,B,2025-Full7645.png,2F1,Technical aspects,Digital signals,ATA_6
2025-Full7401,The process termed a Fast Fourier Transform,2025 Full V1.6b,2025 Full V1.6b - Technical Aspects,A2F_2,relies on the mutual inducatnce between two coils normally set 90 degrees apart.,samples the signals picked up by the antenna and separates them out into signals in frequency order.,demodulates data signales into their original binary format for subsequent processing.,produces two digital representations of RF or IF signals separated in phase by 90 degrees.,B,,2F2,Technical aspects,Digital signals,ATA_6
2025-Full7686,The top graph is a spectrum analyser plot of a sinewave and a harmonic. Which TWO plots of the same signal in the time domain does the spectrum plot refer to?,2025 Full V1.6b,2025 Full V1.6b - Technical Aspects,A2F_2,Plots 1 and 2,Plots 1 and 4,Plots 2 and 3,Plots 2 and 4,B,2025-Full7686.png,2F2,Technical aspects,Digital signals,ATA_6
2025-Full7864,The Fourier Transform converts,2025 Full V1.6b,2025 Full V1.6b - Technical Aspects,A2F_2,a digital signal to an analogue signal.,an analogue signal to a digital signal.,a signal in the frequency domain to the wavelength domain.,a signal in the time domain to the frequency domain.,D,,2F2,Technical aspects,Digital signals,ATA_6
2025-Full7890,The drawing shows the block diagram of a radio receiver and the signals at points between some of the blocks. Which option best describes the function of block 2?,2025 Full V1.6b,2025 Full V1.6b - Technical Aspects,A2F_2,Signal sampling.,Fourier transformation.,Analogue to digital conversion.,Nyquist filtering.,B,2025-Full7890.png,2F2,Technical aspects,Digital signals,ATA_6
2025-Full159,The mutual inductance of a transformer is,2025 Full V1.6b,2025 Full V1.6b - Technical Aspects,A2G_1,the inductance due to coupling between the primary and secondary windings,the difference between the primary and secondary inductances,independent of the primary and secondary inductances,the sum of the primary and secondary inductances,A,,2G1,Technical aspects,Transformers,ATA_7
2025-Full166,"A transformer has a potential difference of 100V AC applied to its primary, which results in a primary current of 1A. The potential difference measured at the secondary is 20V AC. The secondary current is",2025 Full V1.6b,2025 Full V1.6b - Technical Aspects,A2G_1,1A,200mA,20A,5A,D,,2G1,Technical aspects,Transformers,ATA_7
2025-Full170,"A transformer with 25 turns on the primary and 5 turns on the secondary, has a 1kΩ resistor connected to the secondary. The impedance measured at the primary will be",2025 Full V1.6b,2025 Full V1.6b - Technical Aspects,A2G_1,5kΩ,25kΩ,50Ω,50kΩ,B,,2G1,Technical aspects,Transformers,ATA_7
2025-Full673,The circuit of a transformer balun is shown in the diagram. The primary is connected to 50Ω coaxial cable and the secondary to open wire feeder. An appropriate impedance for the feeder would be,2025 Full V1.6b,2025 Full V1.6b - Technical Aspects,A2G_1,200Ω,75Ω,450Ω,150Ω,C,2025-Full673.svg,2G1,Technical aspects,Transformers,ATA_7
2025-Full774,A half-wave folded dipole antenna is fed by 300Ω impedance twin feeder. It is connected to the transmitter by a transformer balun as shown in the diagram. What impedance does the primary of this present to the transmitter?,2025 Full V1.6b,2025 Full V1.6b - Technical Aspects,A2G_1,48Ω,75Ω,120Ω,750Ω,A,2025-Full774.svg,2G1,Technical aspects,Transformers,ATA_7
2025-Full7761,Filter circuits using inductors normally specify the 'mix' of the ferrite. Why?,2025 Full V1.6b,2025 Full V1.6b - Technical Aspects,A2G_1,Ferrites can magnetically saturate and become non-linear at different power levels.,To maximise the hysteresis and power handing of the core material for switch mode PSUs.,Different mixes are optimised for different frequency ranges and permeability.,"The Curie point of the ferrite depends on the mix, temperature and power handling.",C,,2G1,Technical aspects,Transformers,ATA_7
2025-Full129,The inductor in a 14MHz antenna trap is 2µH. The capacitor required to complete the tuned circuit would need to have a value of approximately,2025 Full V1.6b,2025 Full V1.6b - Technical Aspects,A2H_1,200pF,64pF,130pF,900pF,B,,2H1,Technical aspects,Tuned Circuits and resonance,ATA_8
2025-Full130,You construct a variable frequency oscillator with a 5µH inductor and a capacitor with a range of 5 to 50pF as the tuned circuit. The lowest frequency it will oscillate at is,2025 Full V1.6b,2025 Full V1.6b - Technical Aspects,A2H_1,32MHz,10MHz,32kHz,10kHz,B,,2H1,Technical aspects,Tuned Circuits and resonance,ATA_8
2025-Full132,A capacitor and inductor in a parallel tuned circuit resonate at 70.3MHz. The resonant frequency will be reduced if,2025 Full V1.6b,2025 Full V1.6b - Technical Aspects,A2H_1,"either the capacitance or inductance, is decreased",either the capacitance or inductance is increased,the inductance is decreased and the capacitance stays the same,the capacitance is decreased and the inductance stays the same,B,,2H1,Technical aspects,Tuned Circuits and resonance,ATA_8
2025-Full144,A quartz crystal,2025 Full V1.6b,2025 Full V1.6b - Technical Aspects,A2H_2,"has an equivalent circuit which includes a diode, two inductors and a single capacitor",has series and parallel resonant frequencies with the associated circuit design selecting the one required,"will resonate at several design frequencies, selected by an adjustment on the side of the crystal holder",has a single resonant frequency - whether series or parallel depends on the manufacturing process,B,,2H2,Technical aspects,Tuned Circuits and resonance,ATA_8
2025-Full147,Which single component exhibits both series and parallel resonance?,2025 Full V1.6b,2025 Full V1.6b - Technical Aspects,A2H_2,A quartz crystal,An LED,An electrolytic capacitor,A variable capacitance diode,A,,2H2,Technical aspects,Tuned Circuits and resonance,ATA_8
2025-Full3573,The circuit shown,2025 Full V1.6b,2025 Full V1.6b - Technical Aspects,A2H_2,is the equivalent circuit of a crystal.,is a heavily damped series resonant circuit.,will be found in the collector of an IF amplifier.,will be found in the output of an RF power amplifier.,A,2025-Full3573.svg,2H2,Technical aspects,Tuned Circuits and resonance,ATA_8
2025-Full134,"The drawing shows the response curve of a tuned circuit , its Q-factor is",2025 Full V1.6b,2025 Full V1.6b - Technical Aspects,A2H_4,200,100,10,50,D,2025-Full134.png,2H4,Technical aspects,Tuned Circuits and resonance,ATA_8
2025-Full150,Components in a tuned circuit may need high voltage and current ratings because,2025 Full V1.6b,2025 Full V1.6b - Technical Aspects,A2H_4,inductors and capacitors generally become less effective as they get older,most tuned circuits are used with valves which require high voltages,high voltage and circulating currents may exist when the circuit is operated at resonance,the voltage across the capacitor and inductor will add in phase,C,,2H4,Technical aspects,Tuned Circuits and resonance,ATA_8
2025-Full691,A parallel tuned circuit has a Q-factor of 80 and is resonant at 10MHz and it is noted that the current in to the circuit is 100µA. An approximate value for the circulating current would be,2025 Full V1.6b,2025 Full V1.6b - Technical Aspects,A2H_4,100µA,100mA,80µA,8mA,D,,2H4,Technical aspects,Tuned Circuits and resonance,ATA_8
2025-Full138,The dynamic resistance of an LCR circuit,2025 Full V1.6b,2025 Full V1.6b - Technical Aspects,A2H_5,applies to series resonance only,will depend on the bias voltage of the transistor concerned,varies in accordance with the frequency of an applied signal,is only applicable at the resonant frequency,D,,2H5,Technical aspects,Tuned Circuits and resonance,ATA_8
2025-Full139,Dynamic resistance is an effect associated with,2025 Full V1.6b,2025 Full V1.6b - Technical Aspects,A2H_5,parallel tuned circuits,stabilised power supplies,the coupling between the primary and secondary of a transformer,bipolar transistors,A,,2H5,Technical aspects,Tuned Circuits and resonance,ATA_8
2025-Full300,A zener diode is intended to conduct when the,2025 Full V1.6b,2025 Full V1.6b - Technical Aspects,A2I_1,reverse bias potential difference is below the designed value,forward bias potential difference is below the designed value,forward bias potential difference is above the designed value,reverse bias potential difference is above the designed value,D,,2I1,Technical aspects,Semiconductor devices,ATA_9
2025-Full3418,Which of the graphs shown shows the characteristics of a Zener diode? Forward bias is shown to the right.,2025 Full V1.6b,2025 Full V1.6b - Technical Aspects,A2I_1,Graph 2,Graph 1,Graph 4,Graph 3,B,2025-Full3418.svg,2I1,Technical aspects,Semiconductor devices,ATA_9
2025-Full3577,The graph shows the characteristic curve of,2025 Full V1.6b,2025 Full V1.6b - Technical Aspects,A2I_1,an FET transistor.,a zener diode.,an NPN transistor.,a germanium diode.,B,2025-Full3577.svg,2I1,Technical aspects,Semiconductor devices,ATA_9
2025-Full3983,What current is flowing through the diode shown in the diagram?,2025 Full V1.6b,2025 Full V1.6b - Technical Aspects,A2I_1,0 mA,8.4mA,6mA,4.8mA,D,2025-Full3983.svg,2I1,Technical aspects,Semiconductor devices,ATA_9
2025-Full319,"In the field-effect transistor, the 'pinch-off' voltage is the bias required on the",2025 Full V1.6b,2025 Full V1.6b - Technical Aspects,A2I_3,drain to reduce the gate-drain current to zero,gate to reduce the drain-source current to zero,source to reduce the source-drain current to zero,source to reduce the gate-source current to zero,B,,2I3,Technical aspects,Semiconductor devices,ATA_9
2025-Full3582,In the diagram the potential at point A is reduced. The effect of this will be,2025 Full V1.6b,2025 Full V1.6b - Technical Aspects,A2I_3,almost negligible,a decrease in drain current,an increase in source current,a decrease in gate current,B,2025-Full3582.svg,2I3,Technical aspects,Semiconductor devices,ATA_9
2025-Full3585,The circuit shows an n-channel depletion mode FET amplifier. The potential at the gate should be approximately,2025 Full V1.6b,2025 Full V1.6b - Technical Aspects,A2I_3,4.5V,6.8V,3.2V,5.2V,C,2025-Full3585.svg,2I3,Technical aspects,Semiconductor devices,ATA_9
2025-Full679,The transistor amplifier shown is correctly biased. R2 is 22kΩ. A suitable value for R1 would be about,2025 Full V1.6b,2025 Full V1.6b - Technical Aspects,A2I_3,200kΩ,22kΩ,120kΩ,78kΩ,D,2025-Full679.svg,2I3,Technical aspects,Semiconductor devices,ATA_9
2025-Full321,The circuit shown has a voltage gain of,2025 Full V1.6b,2025 Full V1.6b - Technical Aspects,A2I_4,less than 1 with no phase change,greater than 1 with no phase change,less than 1 with phase inversion,greater than 1 with phase inversion,D,2025-Full321.svg,2I4,Technical aspects,Semiconductor devices,ATA_10
2025-Full322,The circuit shown has a voltage gain of,2025 Full V1.6b,2025 Full V1.6b - Technical Aspects,A2I_4,greater than 1 with no phase change,greater than 1 with phase inversion,less than 1 with phase inversion,less than 1 with no phase change,D,2025-Full322.svg,2I4,Technical aspects,Semiconductor devices,ATA_10
2025-Full323,The circuit shown has a CURRENT gain of,2025 Full V1.6b,2025 Full V1.6b - Technical Aspects,A2I_4,well above one and a high voltage gain,about one but a lower voltage gain,about one but a higher voltage gain,well above one but low voltage gain,C,2025-Full323.png,2I4,Technical aspects,Semiconductor devices,ATA_10
2025-Full324,Which class of amplifier has the lowest distortion?,2025 Full V1.6b,2025 Full V1.6b - Technical Aspects,A2I_4,Class C,Class A,Class AB,Class B,B,,2I4,Technical aspects,Semiconductor devices,ATA_10
2025-Full325,Biasing an NPN transistor so that only the positive parts of the signal are amplified is a description of,2025 Full V1.6b,2025 Full V1.6b - Technical Aspects,A2I_4,class A bias,class B bias,class C bias,class AB bias,B,,2I4,Technical aspects,Semiconductor devices,ATA_10
2025-Full3404,One feature of a transistor amplifier biased in class C is that,2025 Full V1.6b,2025 Full V1.6b - Technical Aspects,A2I_4,the supply current tends to be higher than other classes,a tuned or resonant collector load is normally required,"two transistors are required, operating in a push-pull configuration",the levels of distortion are likely to be lower than other classes,B,,2I4,Technical aspects,Semiconductor devices,ATA_10
2025-Full7635,"In order that an oscillator circuit will oscillate, the gain in the transistor amplifier must",2025 Full V1.6b,2025 Full V1.6b - Technical Aspects,A2I_5,be at least half the circuit losses.,be greater than the circuit losses.,be greater than twice the circuit losses.,be slightly less than the circuit losses.,B,,2I5,Technical aspects,Semiconductor devices,ATA_10
2025-Full7738,The voltage gain in a transistor oscillator circuit must be,2025 Full V1.6b,2025 Full V1.6b - Technical Aspects,A2I_5,slightly greater than the loss in the feedback circuit.,slightly greater that the value of beta for the transistor.,slightly less that the loss in the feedback circuit.,slightly less than the value of beta for the transistor.,A,,2I5,Technical aspects,Semiconductor devices,ATA_10
2025-Full7739,In an oscillator the gain in the transistor amplifier must be,2025 Full V1.6b,2025 Full V1.6b - Technical Aspects,A2I_5,greater than 1/(beta) of the transistor.,slightly greater than the loss in the feedback.,slightly more than one.,not less than the value of beta of the transistor.,B,,2I5,Technical aspects,Semiconductor devices,ATA_10
2025-Full7764,In order to maintain oscillations in a transistor oscillator circuit the,2025 Full V1.6b,2025 Full V1.6b - Technical Aspects,A2I_5,product of the gain of the transistor and the attenuation in the feedback path must be less than one.,supply voltage must be at least twice the amplitude required from the oscillator output.,gain of the transistor must be sufficient to overcome any attenuation in the feedback path.,resonant frequency of an LC tuned circuit must match the frequency of the transistor amplifier.,C,,2I5,Technical aspects,Semiconductor devices,ATA_10
2025-Full7765,If the attenuation in the tuned circuit feedback of an oscillator is greater than the gain of the transistor amplifier then,2025 Full V1.6b,2025 Full V1.6b - Technical Aspects,A2I_5,there will be excessive noise on the output signal.,the amplitude of oscillation will be poorly controlled.,the frequency of oscillation will be unstable.,it is likely the circuit will fail to oscillate.,D,,2I5,Technical aspects,Semiconductor devices,ATA_10
2025-Full7766,An oscillator is utilising its transistor in emitter follower mode. The phase change of the signal in the feedback circuit must be,2025 Full V1.6b,2025 Full V1.6b - Technical Aspects,A2I_5,zero,greater than 90 degrees,180 degrees,uncontrolled.,A,,2I5,Technical aspects,Semiconductor devices,ATA_10
2025-Full3427,In the regulated power supply circuit shown the output voltage is 24V. The zener diode should have a voltage of,2025 Full V1.6b,2025 Full V1.6b - Technical Aspects,A2J_2,18V,5V,7.5V,12V,C,2025-Full3427.svg,2J2,Technical aspects,Cells and power supplies,ATA_11
2025-Full350,The reference voltage in a stabilised mains operated power supply is provided by the,2025 Full V1.6b,2025 Full V1.6b - Technical Aspects,A2J_2,series pass transistor,transformer,bridge rectifier,Zener diode,D,,2J2,Technical aspects,Cells and power supplies,ATA_11
2025-Full352,The output voltage of a stabilised mains operated power supply is often controlled by a,2025 Full V1.6b,2025 Full V1.6b - Technical Aspects,A2J_2,bridge rectifier with series pass transistor,series pass transistor with a Zener reference diode,bridge rectifier with a reservoir capacitor,series pass transistor with a reservoir capacitor,B,,2J2,Technical aspects,Cells and power supplies,ATA_11
2025-Full3595,It is likely that the device marked 'X' in the drawing is,2025 Full V1.6b,2025 Full V1.6b - Technical Aspects,A2J_2,a series pass transistor,a zener diode,an integrated voltage regulator,an integrated RF power amplifier,C,2025-Full3595.svg,2J2,Technical aspects,Cells and power supplies,ATA_11
2025-Full3794,The circuit shows a stabilised power supply. The desired output is 13.4V and the resistors R1 and R2 are both 10kΩ. The zener diode should have a voltage of about,2025 Full V1.6b,2025 Full V1.6b - Technical Aspects,A2J_2,13.4V,0.7V,12.7V,6V,D,2025-Full3794.svg,2J2,Technical aspects,Cells and power supplies,ATA_11
2025-Full7767,Which statement is true in respect of a linear power supply?,2025 Full V1.6b,2025 Full V1.6b - Technical Aspects,A2J_2,The output voltage is regulated by switching the series pass transistor on and off at several kHz and smoothing the output to remove the ripple.,A linear power supply has a series pass transistor operating in class A dissipating power to drop the excess voltage from the rectifier assembly.,The output voltage is sampled a few thousand times a second to provide sufficient feedback to accurately control the output voltage.,A linear power supply achieves a marked reduction in transformer size by operating well above 50Hz and uses a series pass transistor for smoothing.,B,,2J2,Technical aspects,Cells and power supplies,ATA_11
2025-Full3428,The diode shown in the power supply for a transmitting valve should have a reverse voltage (PIV) of at least,2025 Full V1.6b,2025 Full V1.6b - Technical Aspects,A2J_3,2500V,2000V,1500V,1000V,A,2025-Full3428.svg,2J3,Technical aspects,Cells and power supplies,ATA_11
2025-Full344,The rectifier diodes in a mains operated 12V stabilised power supply have failed and must be replaced. Which of the following diodes would be chosen to replace them?,2025 Full V1.6b,2025 Full V1.6b - Technical Aspects,A2J_3,Diodes with a PIV rating of 12V,Diode with a PIV and current rating equal to or greater than the original diodes,A 12V Zener Diode,Diode with a PIV rating equal to or greater than the original diodes,B,,2J3,Technical aspects,Cells and power supplies,ATA_11
2025-Full347,A simple power supply consists of a transformer feeding a single diode and capacitor in a half wave circuit. The transformer secondary voltage is 20Vrms. The peak inverse voltage across the diode will be about,2025 Full V1.6b,2025 Full V1.6b - Technical Aspects,A2J_3,30V,20V,60V,40V,C,,2J3,Technical aspects,Cells and power supplies,ATA_11
2025-Full348,A mains power supply consists of a transformer with a single diode and smoothing capacitor on the transformer secondary. The peak inverse voltage (PIV) across the diode will be approximately equal to,2025 Full V1.6b,2025 Full V1.6b - Technical Aspects,A2J_3,twice the peak secondary voltage,the peak secondary voltage,three times the peak secondary voltage,the rms secondary voltage,A,,2J3,Technical aspects,Cells and power supplies,ATA_11
2025-Full3593,If the secondary voltage from the transformer is 10V rms the peak inverse voltage rating (PIV) of the diode should be at least,2025 Full V1.6b,2025 Full V1.6b - Technical Aspects,A2J_3,10V,20V,30V,15V,C,2025-Full3593.svg,2J3,Technical aspects,Cells and power supplies,ATA_11
2025-Full4077,A small power supply is shown in the diagram. The diode should be chosen so its reverse voltage rating is at least,2025 Full V1.6b,2025 Full V1.6b - Technical Aspects,A2J_3,120V,90V,180V,230V,C,2025-Full4077.svg,2J3,Technical aspects,Cells and power supplies,ATA_11
2025-Full7002,What type of component is in the box marked X?,2025 Full V1.6b,2025 Full V1.6b - Technical Aspects,A2J_4,Filter.,Transformer.,Digital controller.,Smoothing capacitor.,B,2025-Full7002.png,2J4,Technical aspects,Cells and power supplies,ATA_11
2025-Full7682,The control mechanism monitoring the output voltage of a switch mode power supply is typically fed back to the switching circuits via an optical coupler or other non-conducting means. Why?,2025 Full V1.6b,2025 Full V1.6b - Technical Aspects,A2J_4,To minimise the risk of RF getting back into the mains supply.,To permit much faster response to load current changes especially when on SSB.,To provide electrical isolation between the mains supply and the DC output.,To simplify the process of regulating the output voltage against changes in load current.,C,,2J4,Technical aspects,Cells and power supplies,ATA_11
2025-Full7741,The size of a smoothing capacitor on the output of a switched mode power supply can be much smaller than the equivalent capacitor on a conventional linear supply. Why?,2025 Full V1.6b,2025 Full V1.6b - Technical Aspects,A2J_4,Any gaps in the supply output will be shorter and of less concern.,The smoothing is performed on the input side of the transformer.,The feedback and digital regulation avoid the need for smoothing.,The time between successive charging pulses is much shorter.,D,,2J4,Technical aspects,Cells and power supplies,ATA_11
2025-Full7770,A switched mode power supply is more efficient than a linear one because,2025 Full V1.6b,2025 Full V1.6b - Technical Aspects,A2J_4,the higher frequency used in the transformer allows the use of ferrite cores.,the higher frequency allows a more rapid response to variations in load current.,none of the power handling transistors operate in class A bias mode.,the series pass transistor in the output can operate with class C bias.,C,,2J4,Technical aspects,Cells and power supplies,ATA_11
2025-Full7771,A concern with the use of switched mode power supplies is that,2025 Full V1.6b,2025 Full V1.6b - Technical Aspects,A2J_4,they are typically double insulated making it harder to earth the device using them.,the start-up surge current is much higher than in linear devices and can cause difficulties.,the voltage regulation is normally poorer due to the digital nature of the control system.,there is an increased risk of RF interference than there is from a linear device.,D,,2J4,Technical aspects,Cells and power supplies,ATA_11
2025-Full7808,A key difference between a switched mode power supply and a linear one is that,2025 Full V1.6b,2025 Full V1.6b - Technical Aspects,A2J_4,the voltage step down transformer in a switched mode PSU operates at several tens of kilohertz.,the series pass transistor in a switched mode PSU is in emitter follower mode.,the smoothing capacitors on the output of a switched mode PSU operate at 100 Hz rather than 50 Hz,unlike a linear PSU a switched mode PSU has no need for harmonic filtering to avoid EMC problems.,A,,2J4,Technical aspects,Cells and power supplies,ATA_11
2025-Full381,A wideband FM transmission is one where the,2025 Full V1.6b,2025 Full V1.6b - Transmitters and Receivers,A3A_2,deviation ratio is much greater than 1,depth of modulation is much greater than 1,modulation index is much greater than 1,deviation ratio is much less than 1,C,,3A2,Transmitters and receivers,Transmitter concepts,ATR_1
2025-Full7637,In frequency modulation if the audio input is increased in amplitude then the,2025 Full V1.6b,2025 Full V1.6b - Transmitters and Receivers,A3A_2,modulation index increases and number of significant sidebands is unchanged.,modulation index and number of significant sidebands increase.,modulation index is unchanged but the number of significant sidebands increases.,modulation index reduces but the number of significant sidebands increases.,B,,3A2,Transmitters and receivers,Transmitter concepts,ATR_1
2025-Full7742,"An FM transmission has only two sidebands, one above and one below the carrier. That must mean that the",2025 Full V1.6b,2025 Full V1.6b - Transmitters and Receivers,A3A_2,modulation index is low.,bandwidth is low.,audio frequency is low.,deviation is low.,A,,3A2,Transmitters and receivers,Transmitter concepts,ATR_1
2025-Full7772,The Modulation Index of a frequency modulated transmission is given by,2025 Full V1.6b,2025 Full V1.6b - Transmitters and Receivers,A3A_2,Actual deviation/Peak deviation,Peak deviation/Max audio frequency,Max audio frequency/Actual deviation,Actual deviation/Bandwidth,B,,3A2,Transmitters and receivers,Transmitter concepts,ATR_1
2025-Full7773,As the Modulation Index of an FM transmission increases it is <strong>ALWAYS</strong> the case that the,2025 Full V1.6b,2025 Full V1.6b - Transmitters and Receivers,A3A_2,volume of the received audio signal increases.,frequency of the received audio signal increases.,number of sidebands required increases.,bandwidth of the transmission increases.,C,,3A2,Transmitters and receivers,Transmitter concepts,ATR_1
2025-Full7774,The spectrum of an FM signal is being displayed on a spectrum analyser which is showing the individual sidebands generated by a single audio tone of variable frequency and amplitude. An increasing number of sidebands must mean that the,2025 Full V1.6b,2025 Full V1.6b - Transmitters and Receivers,A3A_2,deviation ratio is increasing.,audio volume is increasing.,audio frequency is increasing.,modulation index is increasing.,D,,3A2,Transmitters and receivers,Transmitter concepts,ATR_1
2025-Full3408,A transmitter performs all the modulation functions at a fixed frequency of 8.0MHz and then mixes the modulated signal up to 145MHz. What frequency should the filter following the balanced mixer take particular care to REJECT.,2025 Full V1.6b,2025 Full V1.6b - Transmitters and Receivers,A3B_1,137MHz,153MHz,145MHz,129MHz,D,,3B1,Transmitters and receivers,Transmitter architecture,ATR_1
2025-Full3598,The box marked 'X' in the SSB transmitter shown is the,2025 Full V1.6b,2025 Full V1.6b - Transmitters and Receivers,A3B_1,carrier oscillator.,sideband filter.,final frequency mixer.,variable frequency oscillator.,A,2025-Full3598.svg,3B1,Transmitters and receivers,Transmitter architecture,ATR_1
2025-Full3600,The box marked X in the FM transmitter shown is the,2025 Full V1.6b,2025 Full V1.6b - Transmitters and Receivers,A3B_1,frequency synthesiser,frequency multiplier,final frequency mixer,balanced modulator,B,2025-Full3600.svg,3B1,Transmitters and receivers,Transmitter architecture,ATR_1
2025-Full3602,The box marked 'X' in the SSB transmitter block diagram is the,2025 Full V1.6b,2025 Full V1.6b - Transmitters and Receivers,A3B_1,sideband filter,frequency synthesiser,beat frequency oscillator,mixer,B,2025-Full3602.svg,3B1,Transmitters and receivers,Transmitter architecture,ATR_1
2025-Full4078,The diagram shows part of a transmitter for the 21MHz band. The modulator is operating at 8MHz. A good choice of frequency for the VFO is,2025 Full V1.6b,2025 Full V1.6b - Transmitters and Receivers,A3B_1,29MHz,21MHz,13MHz,5MHz,A,2025-Full4078.svg,3B1,Transmitters and receivers,Transmitter architecture,ATR_1
2025-Full682,The purpose of a buffer amplifier stage is often to,2025 Full V1.6b,2025 Full V1.6b - Transmitters and Receivers,A3B_1,provide ample PD to drive the power amplifier stage,isolate the oscillator stage from subsequent stages,supply the major part of amplification of the modulated signal,protect the driver stage from over modulation,B,,3B1,Transmitters and receivers,Transmitter architecture,ATR_1
2025-Full8029,The oscillator in an HF transmitter is based on an LC tuned circuit and is specified as having a maximum drift of 0.1%. An important effect of this is that a CW signal in the 10MHz amateur band,2025 Full V1.6b,2025 Full V1.6b - Transmitters and Receivers,A3C_1,above 10.13MHz may be out of band.,above 10.12MHz may contravene the band plan.,below 10.11MHz may be out of band.,the chirp on the signal could become unreadable.,C,,3C1,Transmitters and receivers,Oscillators,ATR_2
2025-Full3410,A transmitter being used on 432.2MHz SSB is known to have a very small frequency error but a high temperature dependent drift of approximately 2ppm per degree C. A temperature rise of 10 degrees C is not unusual. The most significant effect of this is likely to be,2025 Full V1.6b,2025 Full V1.6b - Transmitters and Receivers,A3C_1,a modest distortion of the audio in the distant receiver,unintentional radiation outside the amateur 70cm band,a need to constantly adjust the RIT at the distant receiver,interference to other amateurs on adjacent frequencies,D,,3C1,Transmitters and receivers,Oscillators,ATR_2
2025-Full3987,Which situation is likely to result in drift in the first 5 to 10 minutes after starting operation?,2025 Full V1.6b,2025 Full V1.6b - Transmitters and Receivers,A3C_1,Running the oscillator on a separate lower voltage power supply,Inadequate biasing of the frequency multiplier stages,Winding the oscillator coils on a ceramic former,Placing the master oscillator close to the power amplifier stage,D,,3C1,Transmitters and receivers,Oscillators,ATR_2
2025-Full7897,What is the most likely effect of a transmitter on 145.000MHz suffering from severe drift of the order of 200ppm?,2025 Full V1.6b,2025 Full V1.6b - Transmitters and Receivers,A3C_1,Transmitting outside the amateur band.,Some audible distortion in the intended receiver.,Interfering with frequencies used by other contacts.,Increased noise level over most of the amateur band.,C,,3C1,Transmitters and receivers,Oscillators,ATR_2
2025-Full3606,In the block diagram of a frequency synthesiser the arrowed box contains,2025 Full V1.6b,2025 Full V1.6b - Transmitters and Receivers,A3C_3,a variable frequency oscillator,a phase comparator,a voltage stabiliser,an amplifier,B,2025-Full3606.svg,3C3,Transmitters and receivers,Oscillators,ATR_3
2025-Full7743,What function is performed in the box marked X?,2025 Full V1.6b,2025 Full V1.6b - Transmitters and Receivers,A3C_3,Fourier transformation.,Anti-alias filtering.,Sine wave lookup table.,Digitally controlled oscillator.,C,2025-Full7743.png,3C3,Transmitters and receivers,Oscillators,ATR_3
2025-Full3349,"When a sinusoidal output is produced from a direct digital synthesiser (DDS), the number of bits the synthesiser can generate will affect the",2025 Full V1.6b,2025 Full V1.6b - Transmitters and Receivers,A3C_3,voltage available from the synthesiser,stability of the synthesised signal,purity of the output signal,rise time of the amplifier,C,,3C3,Transmitters and receivers,Oscillators,ATR_3
2025-Full3406,The size of the frequency steps in a phase locked loop frequency synthesiser is set by the,2025 Full V1.6b,2025 Full V1.6b - Transmitters and Receivers,A3C_3,frequency into the phase comparator,division ratio of the vfo output,frequency of the variable oscillator,cut-off frequency of the low pass filter,A,,3C3,Transmitters and receivers,Oscillators,ATR_3
2025-Full354,"If a sine wave is produced by direct digital synthesis, the purity of the output is determined mainly by the",2025 Full V1.6b,2025 Full V1.6b - Transmitters and Receivers,A3C_3,output impedance of the synthesiser,phase changes within the synthesiser,the bit resolution of the synthesiser,stability of the power supply to the synthesiser,C,,3C3,Transmitters and receivers,Oscillators,ATR_3
2025-Full3791,"When a sine wave is produced from a direct digital synthesiser, the number of bits the synthesiser can generate will affect the",2025 Full V1.6b,2025 Full V1.6b - Transmitters and Receivers,A3C_3,the voltage available from the synthesiser.,rise time of the amplifier.,purity of the output signal.,the stability of the synthesised signal.,C,,3C3,Transmitters and receivers,Oscillators,ATR_3
2025-Full365,Why do frequency multiplier stages usually operate in Class C?,2025 Full V1.6b,2025 Full V1.6b - Transmitters and Receivers,A3D_1,To provide a stable frequency,To produce harmonics,To prevent positive feedback,To produce the greatest output,B,,3D1,Transmitters and receivers,Frequency multipliers,ATR_4
2025-Full368,A single-channel transmitter intended for operation on 70.26MHz uses a crystal oscillator on 5855kHz. The final frequency is most likely to be produced by,2025 Full V1.6b,2025 Full V1.6b - Transmitters and Receivers,A3D_1,a frequency synthesiser and mixer system,a frequency multiplier system,a variable frequency oscillator,direct digital synthesis,B,,3D1,Transmitters and receivers,Frequency multipliers,ATR_4
2025-Full374,The function of the multiplier stage in a transmitter is to,2025 Full V1.6b,2025 Full V1.6b - Transmitters and Receivers,A3D_1,multiply the output power,enable the transmitter to be operated on a harmonic of the oscillator frequency,buffer the oscillator,reduce radiation of multiples of the oscillator frequency,B,,3D1,Transmitters and receivers,Frequency multipliers,ATR_4
2025-Full688,It is proposed to generate a microwave signal by feeding the output of a UHF transmitter to a frequency multiplier circuit. This arrangement is suitable for use with,2025 Full V1.6b,2025 Full V1.6b - Transmitters and Receivers,A3D_1,single sideband modulation with suppressed carrier,frequency modulation,single sideband modulation with a pilot (reduced) carrier,amplitude modulation,B,,3D1,Transmitters and receivers,Frequency multipliers,ATR_4
2025-Full738,A modulated UHF signal is available to feed a 10GHz microwave transmitter. The transmitted frequency is 10.38GHz. A suitable multiplier frequency for the UHF source is,2025 Full V1.6b,2025 Full V1.6b - Transmitters and Receivers,A3D_1,432.5MHz,437.5MHz,430MHz,435MHz,A,,3D1,Transmitters and receivers,Frequency multipliers,ATR_4
2025-Full384,Which of the following modulation types is often generated by varying the voltage applied to a varicap in an RF oscillator?,2025 Full V1.6b,2025 Full V1.6b - Transmitters and Receivers,A3E_1,Frequency modulation (FM),Single sideband (SSB),Amplitude modulation (AM),Morse (CW),A,,3E1,Transmitters and receivers,Microphone amplifiers and modulators,ATR_4
2025-Full391,Increasing the deviation level of a frequency modulated transmitter,2025 Full V1.6b,2025 Full V1.6b - Transmitters and Receivers,A3E_1,improves the speech quality,widens the RF bandwidth,increases the speech compression ratio,overcomes FM noise,B,,3E1,Transmitters and receivers,Microphone amplifiers and modulators,ATR_4
2025-Full393,A single sideband transmitter is operating on lower sideband on 1.960MHz and is modulated with a pure 3000Hz tone. The RF output frequency will be,2025 Full V1.6b,2025 Full V1.6b - Transmitters and Receivers,A3E_1,1.957MHz,3000Hz,1.960MHz,1.963MHz,A,,3E1,Transmitters and receivers,Microphone amplifiers and modulators,ATR_4
2025-Full683,"In an amateur radio transceiver, the depth of modulation for radio telephone transmissions can be varied by use of the",2025 Full V1.6b,2025 Full V1.6b - Transmitters and Receivers,A3E_1,microphone gain control,carrier level control,RF attenuator,IF shift control,A,,3E1,Transmitters and receivers,Microphone amplifiers and modulators,ATR_4
2025-Full686,A 1MHz carrier is frequency modulated by a 1kHz audio signal amplitude 100mV and causing a peak deviation of 2.5kHz. The occupied bandwidth of the transmission is approximately,2025 Full V1.6b,2025 Full V1.6b - Transmitters and Receivers,A3E_1,2kHz,3.5kHz,7kHz,5kHz,C,,3E1,Transmitters and receivers,Microphone amplifiers and modulators,ATR_4
2025-Full716,An FM broadcast transmitter uses a peak deviation of 75kHz and a maximum audio frequency of 15kHz. The bandwidth of the transmission is approximately,2025 Full V1.6b,2025 Full V1.6b - Transmitters and Receivers,A3E_1,180kHz,150kHz,30kHz,75kHz,A,,3E1,Transmitters and receivers,Microphone amplifiers and modulators,ATR_4
2025-Full7745,The circuit shown is likely to be found,2025 Full V1.6b,2025 Full V1.6b - Transmitters and Receivers,A3E_2,in an oscillator output.,in a frequency synthesiser.,after a balanced modulator.,between two AF amplifier stages.,C,2025-Full7745.png,3E2,Transmitters and receivers,Microphone amplifiers and modulators,ATR_4
2025-Full7746,A transmitter is set to 7.150MHz LSB. The balanced modulator has a 6.000MHz carrier and its output will subsequently be mixed up to the transmit frequency by a synthesiser on 13.150MHz. The sideband filter should be set to pass,2025 Full V1.6b,2025 Full V1.6b - Transmitters and Receivers,A3E_2,13.147 to 13.150MHz,7.150 to 7.153MHz,5.997 to 6.000MHz,6.000 to 6.003MHz,D,,3E2,Transmitters and receivers,Microphone amplifiers and modulators,ATR_4
2025-Full7775,A superhet receiver is tuned to an upper sideband signal on 144.500MHz. The local oscillator is running at 140.500MHz. The sideband filter to admit the signal should be set to,2025 Full V1.6b,2025 Full V1.6b - Transmitters and Receivers,A3E_2,4.000 to 4.003MHz,3.997 to 4.000MHz,144.500 to 144.503MHz,144.497 to 144.500MHz,A,,3E2,Transmitters and receivers,Microphone amplifiers and modulators,ATR_4
2025-Full7778,A superhet receiver is tuned to a lower sideband signal on 144.500 MHz. The local oscillator is running at 148.500 MHz. The sideband filter to admit the signal should be set to,2025 Full V1.6b,2025 Full V1.6b - Transmitters and Receivers,A3E_2,144.497 to 144.500 MHz,144.500 to 144.503 MHz,3.997 to 4.000 MHz,4.000 to 4.003 MHz,D,,3E2,Transmitters and receivers,Microphone amplifiers and modulators,ATR_4
2025-Full7779,"In the circuit shown the crystals are set to 9.0 MHz, the capacitors to 39pF and the overall Q factor is 3330. What is the most likely function of the circuit?",2025 Full V1.6b,2025 Full V1.6b - Transmitters and Receivers,A3E_2,Sideband filter.,Harmonic filter.,Phase noise filter.,PLL feedback filter.,A,2025-Full7779.png,3E2,Transmitters and receivers,Microphone amplifiers and modulators,ATR_4
2025-Full7780,A crystal filter 2.7kHz wide is used to select the wanted sideband in the IF of a superhet receiver. Rather than set up another filter for the other sideband an alternative option is to offset the local oscillator by,2025 Full V1.6b,2025 Full V1.6b - Transmitters and Receivers,A3E_2,2.7 kHz.,3.0 kHz.,3.3 kHz.,600 Hz.,C,,3E2,Transmitters and receivers,Microphone amplifiers and modulators,ATR_4
2025-Full398,You are intending to add an SSB transmit amplifier to your Station. The amplifier should be,2025 Full V1.6b,2025 Full V1.6b - Transmitters and Receivers,A3F_2,linear in order to ensure low distortion and low harmonic content,linear in order to ensure efficient power consumption,class A in order to accept the full output of your current transmitter,class C in order to ensure efficient power consumption,A,,3F2,Transmitters and receivers,RF power amplifiers,ATR_5
2025-Full399,An RF power amplifier operates class C. It is suitable for,2025 Full V1.6b,2025 Full V1.6b - Transmitters and Receivers,A3F_2,FM and CW,FM only,AM and SSB,"FM, CW and SSB",A,,3F2,Transmitters and receivers,RF power amplifiers,ATR_5
2025-Full717,A good SSB transmitter is feeding a power amplifier that is rather non-linear but does have a good low pass filter on its output. The most significant effect of the non-linearity will be,2025 Full V1.6b,2025 Full V1.6b - Transmitters and Receivers,A3F_2,a noticeable impairment in the received audio quality,a broad transmission causing adjacent band interference,significant signals on harmonics of the RF signal,a complete shut-down of the transmitter PA,B,,3F2,Transmitters and receivers,RF power amplifiers,ATR_5
2025-Full7785,A non-linear amplifier fed with two sinusoidal input signals will produce,2025 Full V1.6b,2025 Full V1.6b - Transmitters and Receivers,A3F_2,only intermodulation products of the input signals.,only harmonics of the input signals.,both harmonics and intermodulation products of the input signals.,harmonics and sub-harmonics of the input signals.,C,,3F2,Transmitters and receivers,RF power amplifiers,ATR_5
2025-Full7787,An SSB RF amplifier is being driven by two RF signals at 14.101 MHz and 14.102 MHz when it is noticed that there is also an output on 14.103 MHz. What action is most likely to clean up the signal?,2025 Full V1.6b,2025 Full V1.6b - Transmitters and Receivers,A3F_2,Fit a small attenuator on the input to the RF amplifier.,Fit a small attenuator on the output of the RF amplifier.,Fit a 14 MHz amateur bandpass filter on the input to the RF amplifier.,Fit a 14 MHz amateur bandpass filter on the output of the RF amplifier.,A,,3F2,Transmitters and receivers,RF power amplifiers,ATR_5
2025-Full7788,The drawing shows the spectrum of the input and output of an external RF power amplifier being fed from an SSB transmitter. The most likely explanation for the change in the spectrum is that,2025 Full V1.6b,2025 Full V1.6b - Transmitters and Receivers,A3F_2,standing waves on the feeder are causing multiple reflections.,intermodulation products are being generated in the power amplifier.,the lower power in the base transmitter is masking its intermodulation products.,the power amplifier is not correctly matched to the output of the transmitter.,B,2025-Full7788.png,3F2,Transmitters and receivers,RF power amplifiers,ATR_5
2025-Full402,A pi-network in the output stage of a transceiver,2025 Full V1.6b,2025 Full V1.6b - Transmitters and Receivers,A3F_3,stabilises the output power,helps to suppress harmonics,eliminates second channel interference,prevents audio feedback,B,,3F3,Transmitters and receivers,RF power amplifiers,ATR_5
2025-Full403,In a transmitter PA stage a pi-network is used for impedance matching. It also can act as a,2025 Full V1.6b,2025 Full V1.6b - Transmitters and Receivers,A3F_3,low pass filter,notch filter,high pass filter,band pass filter,A,,3F3,Transmitters and receivers,RF power amplifiers,ATR_5
2025-Full405,"The output circuits of an RF power amplifier normally fulfil two functions, filtering and",2025 Full V1.6b,2025 Full V1.6b - Transmitters and Receivers,A3F_3,current limiting,SWR reduction,impedance matching,frequency stabilisation,C,,3F3,Transmitters and receivers,RF power amplifiers,ATR_5
2025-Full408,Which mode of transmission will result in the greatest average power requirement from the final amplifier? Assume the PEP is the same in all cases.,2025 Full V1.6b,2025 Full V1.6b - Transmitters and Receivers,A3F_4,Single sideband,Morse code,Frequency modulation,Slow scan SSB TV,C,,3F4,Transmitters and receivers,RF power amplifiers,ATR_5
2025-Full409,The effect on the RF power amplifier of switching on speech processing in an SSB transmitter will be,2025 Full V1.6b,2025 Full V1.6b - Transmitters and Receivers,A3F_4,reduced heat dissipation,a decrease in average transmitted power,negligible,an increase in average power,D,,3F4,Transmitters and receivers,RF power amplifiers,ATR_5
2025-Full410,A transmitter is normally used on SSB and runs comfortably warm even when peaking at 100W output. It is decided to use the same transmitter on RTTY (radio teletype) and the input level is set so the RF output peaks at the same level as previously used on voice. It is likely that the transmitter will run,2025 Full V1.6b,2025 Full V1.6b - Transmitters and Receivers,A3F_4,at much the same temperature as before,considerably hotter than before,slightly hotter than before,a bit cooler than before,B,,3F4,Transmitters and receivers,RF power amplifiers,ATR_5
2025-Full411,A class AB transmitter has been in use for some time and the speech processor is then switched on and set to maximum compression. The peak transmit power is seen to be unaffected. It is LIKELY that the transmitter will run,2025 Full V1.6b,2025 Full V1.6b - Transmitters and Receivers,A3F_4,considerably hotter than before,a bit cooler than before,slightly hotter than before,at much the same temperature as before,A,,3F4,Transmitters and receivers,RF power amplifiers,ATR_5
2025-Full412,Using a speech processor in an SSB transmitter will,2025 Full V1.6b,2025 Full V1.6b - Transmitters and Receivers,A3F_4,increase the peak transmitted signal,reduce the harmonic content of the transmitted signal,increase the average signal strength,reduce the harmonic content of the audio signal,C,,3F4,Transmitters and receivers,RF power amplifiers,ATR_5
2025-Full3280,A transceiver is fitted with an automatic level control (ALC). This will,2025 Full V1.6b,2025 Full V1.6b - Transmitters and Receivers,A3F_5,ensure AM or SSB modulation does not exceed 100%,shut down the transmitter in the event of a poor SWR,minimise the overdriving of the power amplifier,keep received audio signals at a relatively constant level,C,,3F5,Transmitters and receivers,RF power amplifiers,ATR_5
2025-Full413,The purpose of Automatic Level Control (ALC) in a transmitter is to,2025 Full V1.6b,2025 Full V1.6b - Transmitters and Receivers,A3F_5,adjust the automatic ATU settings,control the transmit and receive function when using data modes,limit the output power,increase the received signals as they fade,C,,3F5,Transmitters and receivers,RF power amplifiers,ATR_5
2025-Full415,"An external RF power amplifier (PA) has 3 leads marked '240V AC', 'RF in' and 'ALC'. The ALC lead",2025 Full V1.6b,2025 Full V1.6b - Transmitters and Receivers,A3F_5,sends a signal to the transceiver limiting the transmit power level,expects a signal from the transceiver to set the transmit power level,sets the power amplifier to 'transmit' when the microphone is keyed,sets an automatic antenna matching unit to the correct band in use,A,,3F5,Transmitters and receivers,RF power amplifiers,ATR_5
2025-Full697,A transceiver is fitted with an automatic level control (ALC). This will,2025 Full V1.6b,2025 Full V1.6b - Transmitters and Receivers,A3F_5,ensure AM or SSB modulation does not exceed 100%,minimise the overdriving of the power amplifier,keep received audio signals at a relatively constant level,shut down the transmitter in the event of a poor SWR,B,,3F5,Transmitters and receivers,RF power amplifiers,ATR_5
2025-Full3411,Over modulation of an RF carrier is likely to result in,2025 Full V1.6b,2025 Full V1.6b - Transmitters and Receivers,A3G_1,"a stronger signal in which, on HF, is easier to understand",small shifts in the transmitted frequency requiring the use of the RIT at the distant receiver,harmonics of the audio signal causing splatter and interference to amateurs on adjacent frequencies,harmonics of the RF signal causing splatter and interference to amateurs on adjacent frequencies,C,,3G1,Transmitters and receivers,Transmitter interference,ATR_6
2025-Full4081,"When the spectrum of an HF AM transmitter is observed over a narrow range, it is noticed that as the modulation depth is changed there is a point beyond which several harmonics of the audio signal appear. At that point the depth of modulation will be",2025 Full V1.6b,2025 Full V1.6b - Transmitters and Receivers,A3G_1,close to 100%,no more than 80%,very low,about 50%,A,,3G1,Transmitters and receivers,Transmitter interference,ATR_6
2025-Full474,Over modulation of an SSB transmitter results in excessive RF bandwidth because the greater amplitude of the AF signal causes,2025 Full V1.6b,2025 Full V1.6b - Transmitters and Receivers,A3G_1,harmonics of the transmitted signal,greater amplitude of the RF signal,excessive deviation,harmonics in the modulator,D,,3G1,Transmitters and receivers,Transmitter interference,ATR_6
2025-Full475,Even though your microphone amplifier has good audio frequency bandwidth filtering you find that your transmissions occupy excessive RF bandwidth. A likely cause is,2025 Full V1.6b,2025 Full V1.6b - Transmitters and Receivers,A3G_1,harmonic radiation,1.8kHz sideband filter selected,over modulation,excessive RF output power,C,,3G1,Transmitters and receivers,Transmitter interference,ATR_6
2025-Full476,Over modulation may be caused by excessive,2025 Full V1.6b,2025 Full V1.6b - Transmitters and Receivers,A3G_1,radio frequency amplitude from the master oscillator,radio frequency bandwidth from the power amplifier,audio frequency bandwidth from the microphone amplifier,audio frequency amplitude from the microphone amplifier,D,,3G1,Transmitters and receivers,Transmitter interference,ATR_6
2025-Full3990,A cause of intermodulation products in a separate RF power amplifier (PA) is,2025 Full V1.6b,2025 Full V1.6b - Transmitters and Receivers,A3G_2,poor frequency stability in the transceiver which is driving it,failing to use a common earth point for the transceiver and PA,running the PA and driving transceiver from separate power supplies,more RF drive from the transceiver than is required for full output,D,,3G2,Transmitters and receivers,Transmitter interference,ATR_6
2025-Full485,Overdriving an external power amplifier with a transmitter is likely to,2025 Full V1.6b,2025 Full V1.6b - Transmitters and Receivers,A3G_2,cause over deviation,cause over modulation,generate passive inter-modulation products,generate spurious inter-modulation products,D,,3G2,Transmitters and receivers,Transmitter interference,ATR_6
2025-Full486,An operator should not overdrive an external power amplifier with a transmitter in order to avoid,2025 Full V1.6b,2025 Full V1.6b - Transmitters and Receivers,A3G_2,inter-modulation products.,a high SWR.,loss of modulation on FM.,exceeding the power permitted in the licence.,A,,3G2,Transmitters and receivers,Transmitter interference,ATR_6
2025-Full489,You should not overdrive an external power amplifier so as to avoid,2025 Full V1.6b,2025 Full V1.6b - Transmitters and Receivers,A3G_2,passive inter-modulation products,over modulation,over deviation,spurious inter-modulation products,D,,3G2,Transmitters and receivers,Transmitter interference,ATR_6
2025-Full7789,The drawing shows the spectrum of the input and output of an external RF power amplifier. It is most likely that the,2025 Full V1.6b,2025 Full V1.6b - Transmitters and Receivers,A3G_2,driving transmitter has harmonic distortion.,transmitter's band pass filter is faulty.,power amplifier is being over-driven.,power amplifier input signal is frequency modulated.,C,2025-Full7789.png,3G2,Transmitters and receivers,Transmitter interference,ATR_6
2025-Full7790,An amateur is receiving complaints that his transmissions are causing interference to other stations immediately above and below his transmitted frequency. The amateur should check that,2025 Full V1.6b,2025 Full V1.6b - Transmitters and Receivers,A3G_2,there are no excessive standing waves on the feeder.,the signal level from the desk microphone is not too low.,the mode of transmission is in accordance with the band plan.,the drive level to the power amplifier is set correctly.,D,,3G2,Transmitters and receivers,Transmitter interference,ATR_6
2025-Full430,Harmonics in a transmitter would NOT be reduced by using,2025 Full V1.6b,2025 Full V1.6b - Transmitters and Receivers,A3G_3,inductive coupling between stages,a Class C amplifier,low drive levels,push-pull amplifiers,B,,3G3,Transmitters and receivers,Transmitter interference,ATR_6
2025-Full432,Which of the following is most likely to cause harmonics?,2025 Full V1.6b,2025 Full V1.6b - Transmitters and Receivers,A3G_3,connecting the transmitter to a dummy load,an unscreened power supply unit,a tuned half-wave antenna,an overdriven PA stage,D,,3G3,Transmitters and receivers,Transmitter interference,ATR_6
2025-Full465,The response of a transmitter's low pass filter should fall sharply above the cut off frequency to attenuate the transmission of,2025 Full V1.6b,2025 Full V1.6b - Transmitters and Receivers,A3G_3,local oscillator outputs lower than the transmitter frequency,any spurious emissions other than the final frequency,unwanted mixer products close to the transmitter frequency,harmonics of the transmitter frequency,D,,3G3,Transmitters and receivers,Transmitter interference,ATR_6
2025-Full466,A low-pass filter fitted at the output of a transmitter will,2025 Full V1.6b,2025 Full V1.6b - Transmitters and Receivers,A3G_3,avoid the need for a mains filter,reduce the transmission of harmonics,minimise the risk of thermal runaway,prevent frequency instability,B,,3G3,Transmitters and receivers,Transmitter interference,ATR_6
2025-Full467,A transmitter for the 160 metre band is found to radiate on other amateur bands. What action could be taken to prevent this?,2025 Full V1.6b,2025 Full V1.6b - Transmitters and Receivers,A3G_3,Fit a low-pass filter at the output,Increase the output power,Thread ferrite beads on the microphone leads,Stabilise the power supply,A,,3G3,Transmitters and receivers,Transmitter interference,ATR_6
2025-Full4080,An FET HF RF power amplifier occasionally suffers from parasitic oscillation at a frequency much higher than the designed operating frequency. Which of the four options is most likely to be successful?,2025 Full V1.6b,2025 Full V1.6b - Transmitters and Receivers,A3G_4,A low value resistor in series with a capacitor of around 10nF from the drain of the FET to the 0V line.,A capacitor from the drain of the FET to the 0V line of a value around half of that of the capacitors used in the resonant circuits.,A low value capacitor in series with the FET gate mounted as close to the gate as possible.,An inductor with a reactance of about 50 ohms from the drain of the FET to the 0V line.,A,,3G4,Transmitters and receivers,Transmitter interference,ATR_6
2025-Full469,Stray coupling in a Power Amplifier may be the cause of,2025 Full V1.6b,2025 Full V1.6b - Transmitters and Receivers,A3G_4,unwanted self oscillation,unwanted mixer products,losses in the dielectric,drift,A,,3G4,Transmitters and receivers,Transmitter interference,ATR_6
2025-Full470,Unwanted parasitic oscillations may occur as a result of,2025 Full V1.6b,2025 Full V1.6b - Transmitters and Receivers,A3G_4,normal operation of an oscillator,normal operation of a power amplifier,stray coupling in a power amplifier,harmonics from an oscillator,C,,3G4,Transmitters and receivers,Transmitter interference,ATR_6
2025-Full472,"The lead to the base of the power amplifier transistor in an RF PA is connected via a low value resistor with a few turns of wire, wound round the resistor and in parallel with it. The purpose of this circuit is to",2025 Full V1.6b,2025 Full V1.6b - Transmitters and Receivers,A3G_4,prevent parasitic oscillations,limit the production of harmonics,correctly match the input impedance of the transistor,avoid the transistor being over driven,A,,3G4,Transmitters and receivers,Transmitter interference,ATR_6
2025-Full473,Parasitic oscillations in a transistor amplifier may often be cured by,2025 Full V1.6b,2025 Full V1.6b - Transmitters and Receivers,A3G_4,increasing the input drive level,increasing the capacitance in the collector load,fitting a low value resistor in series with the base,fitting a disc ceramic capacitor of about 100pF between base and collector,C,,3G4,Transmitters and receivers,Transmitter interference,ATR_6
2025-Full3412,A phase locked loop synthesiser in a transmitter has an output to indicate that the control loop is phase locked. If this indication is absent it is necessary to,2025 Full V1.6b,2025 Full V1.6b - Transmitters and Receivers,A3G_5,recalibrate the master oscillator,reduce the level of modulation,temporarily inhibit transmission,"alert the operator, eg., a front panel LED",C,,3G5,Transmitters and receivers,Transmitter interference,ATR_6
2025-Full3617,If a phase lock loop frequency synthesiser indicates an 'out of lock' condition the signals into the phase comparator,2025 Full V1.6b,2025 Full V1.6b - Transmitters and Receivers,A3G_5,will both be varying in frequency,are of different frequencies,are of different phases,are of identical frequency and phase,B,,3G5,Transmitters and receivers,Transmitter interference,ATR_6
2025-Full4082,It is noticed that a home made frequency synthesiser can briefly produce an output signal of unstable frequency when quickly tuning from from one end of an amateur band to the other. The probable reason is that,2025 Full V1.6b,2025 Full V1.6b - Transmitters and Receivers,A3G_5,the two signals into the phase comparator are of different frequencies,RF feedback is getting in to the system,the reference oscillator is out of lock,the two signals into the phase comparator happen to be on the same frequency,A,,3G5,Transmitters and receivers,Transmitter interference,ATR_6
2025-Full479,With which part of the circuit of a transceiver is the term 'out of lock' associated?,2025 Full V1.6b,2025 Full V1.6b - Transmitters and Receivers,A3G_5,Frequency synthesiser,Carrier insertion oscillator,Audio limiter,RF preamplifier,A,,3G5,Transmitters and receivers,Transmitter interference,ATR_6
2025-Full480,The term 'Out of lock' is a type of malfunction associated with a,2025 Full V1.6b,2025 Full V1.6b - Transmitters and Receivers,A3G_5,digital voltmeter,frequency synthesiser,power amplifier,heterodyne wave-meter,B,,3G5,Transmitters and receivers,Transmitter interference,ATR_6
2025-Full482,"If a frequency synthesiser is 'out of lock', its output should be",2025 Full V1.6b,2025 Full V1.6b - Transmitters and Receivers,A3G_5,unmodulated,regulated,increased,inhibited,D,,3G5,Transmitters and receivers,Transmitter interference,ATR_6
2025-Full495,"In a receiver, the difference between the maximum signal that can be received without overload and the minimum signal that can be discerned is the",2025 Full V1.6b,2025 Full V1.6b - Transmitters and Receivers,A3H_3,signal to noise ratio,dynamic range,selectivity,sensitivity,B,,3H3,Transmitters and receivers,Receiver concepts,ATR_7
2025-Full496,The dynamic range of a receiver is expressed in,2025 Full V1.6b,2025 Full V1.6b - Transmitters and Receivers,A3H_3,ohms per volt,decibels,hertz,microvolts,B,,3H3,Transmitters and receivers,Receiver concepts,ATR_7
2025-Full497,A receiver can just audibly detect signals of 0.4µV (Negative (-)145dBW) at its input. The receiver overloads at an input of 10mV (Negative (-)57dBW) causing intermodulation products that can be heard as false signals. The dynamic range of the receiver is,2025 Full V1.6b,2025 Full V1.6b - Transmitters and Receivers,A3H_3,202 dB,145 dB,57 dB,88 dB,D,,3H3,Transmitters and receivers,Receiver concepts,ATR_7
2025-Full508,A strong signal into the front end of a radio receiver exceeds its dynamic range. An effect of this will be,2025 Full V1.6b,2025 Full V1.6b - Transmitters and Receivers,A3H_3,distortion of received signals on FM,a change in the noise figure of the receiver,the AGC increasing the gain in the IF amplifier stages,spurious signals generated within the receiver,D,,3H3,Transmitters and receivers,Receiver concepts,ATR_7
2025-Full509,Spurious signals in a receiver could be caused by,2025 Full V1.6b,2025 Full V1.6b - Transmitters and Receivers,A3H_3,signals from a distant pirate broadcast transmitter,signals separated from the wanted signal by an amount equal to the IF,signals on a harmonic of the frequency displayed on the receiver,a strong signal overloading the receiver front end,D,,3H3,Transmitters and receivers,Receiver concepts,ATR_7
2025-Full7791,The dynamic range of a radio receiver is usually expressed in which units?,2025 Full V1.6b,2025 Full V1.6b - Transmitters and Receivers,A3H_3,dB,dBi,dBc,dBc/Hz,A,,3H3,Transmitters and receivers,Receiver concepts,ATR_7
2025-Full3621,The IF stage has been omitted from the block diagram of a superhet receiver. At what point should it be inserted?,2025 Full V1.6b,2025 Full V1.6b - Transmitters and Receivers,A3I_1,Point 3,Point 2,Point 4,Point 1,B,2025-Full3621.svg,3I1,Transmitters and receivers,Superheterodyne concepts,ATR_7
2025-Full3623,The block diagram shows a superhet receiver. G represents an audio amplifier. What is block F?,2025 Full V1.6b,2025 Full V1.6b - Transmitters and Receivers,A3I_1,A sideband filter,A demodulator,A carrier insertion oscillator,A phase recovery circuit,C,2025-Full3623.svg,3I1,Transmitters and receivers,Superheterodyne concepts,ATR_7
2025-Full3816,What is the main purpose of having two intermediate frequencies in a double superhet receiver?,2025 Full V1.6b,2025 Full V1.6b - Transmitters and Receivers,A3I_1,Two IFs provide greater amplification than a single IF,"The first IF provides image rejection, whilst the second IF provides adjacent channel selectivity",Both IFs provide image and adjacent channel rejection,"The first IF helps provide adjacent channel selectivity, whilst the second IF provides image rejection",B,,3I1,Transmitters and receivers,Superheterodyne concepts,ATR_7
2025-Full3944,"In a double conversion super-heterodyne receiver, to which part of the circuit would you normally connect the BFO?",2025 Full V1.6b,2025 Full V1.6b - Transmitters and Receivers,A3I_1,The second mixer,The local oscillator,The IF amp,The demodulator,D,,3I1,Transmitters and receivers,Superheterodyne concepts,ATR_7
2025-Full505,A double superhet receiver designed to receive and demodulate SSB is likely to contain,2025 Full V1.6b,2025 Full V1.6b - Transmitters and Receivers,A3I_1,one mixer and two product detectors,two IF amplifier sections and two ratio detectors,one IF amplifier section and one ratio detector,two mixers and one product detector,D,,3I1,Transmitters and receivers,Superheterodyne concepts,ATR_7
2025-Full3425,To what frequency should the local oscillator 'X' be set to ensure successful operation?,2025 Full V1.6b,2025 Full V1.6b - Transmitters and Receivers,A3I_2,68.4MHz,27.3MHz,30.6MHz,70.0MHz,A,2025-Full3425.svg,3I2,Transmitters and receivers,Superheterodyne concepts,ATR_8
2025-Full3628,A superhet receiver is tuned to 1.3555 MHz. The LO could also have been operating on,2025 Full V1.6b,2025 Full V1.6b - Transmitters and Receivers,A3I_2,2.285 MHz,approximately 470 kHz,1.820 MHz,2.710 MHz,A,2025-Full3628.svg,3I2,Transmitters and receivers,Superheterodyne concepts,ATR_8
2025-Full3686,A superhet receiver is set to receive 1.820 MHz and the LO is running at a frequency of 1.355 MHz. An alternative frequency for the LO is,2025 Full V1.6b,2025 Full V1.6b - Transmitters and Receivers,A3I_2,2.710 MHz,1.820 MHz,2.285 MHz,470 kHz,C,,3I2,Transmitters and receivers,Superheterodyne concepts,ATR_8
2025-Full515,In a superhet receiver the mixer,2025 Full V1.6b,2025 Full V1.6b - Transmitters and Receivers,A3I_2,demodulates the incoming signal with the LO to produce an audio output,combines the local oscillator with the IF to produce the wanted frequency,uses the signals from the RF amplifier and local oscillator to produce the IF,modulates the IF with the signal from the audio amplifier,C,,3I2,Transmitters and receivers,Superheterodyne concepts,ATR_8
2025-Full516,The mixer combines the LO at 2MHz with the RF signal to produce an IF at 470kHz. The other principal output signal from the mixer will be on a frequency of,2025 Full V1.6b,2025 Full V1.6b - Transmitters and Receivers,A3I_2,1530kHz,2470kHz,940kHz,3530kHz,D,,3I2,Transmitters and receivers,Superheterodyne concepts,ATR_8
2025-Full517,A medium wave radio receiver to tune from 600kHz to 1600kHz and has an IF of 460kHz. The best choice of local oscillator frequency range will be,2025 Full V1.6b,2025 Full V1.6b - Transmitters and Receivers,A3I_2,460-1460kHz,1060-2060kHz,140-1140kHz,600-1600kHz,B,,3I2,Transmitters and receivers,Superheterodyne concepts,ATR_8
2025-Full512,"A receiver is being designed to receive a medium wave broadcast on 1.000MHz. The local oscillator is set to 1.465MHz. For the same IF, what other frequency could the local oscillator be set to?",2025 Full V1.6b,2025 Full V1.6b - Transmitters and Receivers,A3I_3,1000kHz,535kHz,1465kHz,465kHz,B,,3I3,Transmitters and receivers,Superheterodyne concepts,ATR_8
2025-Full513,An HF radio receiver is tuned to 1.85MHz and the IF is at 460kHz. The local oscillator will be at,2025 Full V1.6b,2025 Full V1.6b - Transmitters and Receivers,A3I_3,1390kHz or 1850kHz,1390kHz or 2310kHz,460kHz,1850kHz,B,,3I3,Transmitters and receivers,Superheterodyne concepts,ATR_8
2025-Full518,In a 14MHz superheterodyne receiver that has a 9MHz Intermediate Frequency the image frequency will be on,2025 Full V1.6b,2025 Full V1.6b - Transmitters and Receivers,A3I_3,9MHz,5MHz,32MHz,23MHz,C,,3I3,Transmitters and receivers,Superheterodyne concepts,ATR_8
2025-Full520,"A receiver tuned to the 7MHz amateur band, with a single IF of 455kHz, might suffer from second channel interference from stations around the frequency",2025 Full V1.6b,2025 Full V1.6b - Transmitters and Receivers,A3I_3,6100kHz,3500kHz,4550kHz,7455kHz,A,,3I3,Transmitters and receivers,Superheterodyne concepts,ATR_8
2025-Full524,In a superheterodyne receiver a low Intermediate Frequency is an advantage because,2025 Full V1.6b,2025 Full V1.6b - Transmitters and Receivers,A3I_3,there is less chance of local oscillator drift,the potential for second channel interference is reduced,the bandwidth of the IF filter will be wider,good adjacent channel selectivity is easily achieved,D,,3I3,Transmitters and receivers,Superheterodyne concepts,ATR_8
2025-Full531,It is desired to achieve both a good image rejection and good adjacent channel selectivity in a radio receiver. This can be done by using a,2025 Full V1.6b,2025 Full V1.6b - Transmitters and Receivers,A3I_3,high intermediate frequency followed by a low intermediate frequency,high intermediate frequency,low intermediate frequency followed by a high intermediate frequency,low intermediate frequency,A,,3I3,Transmitters and receivers,Superheterodyne concepts,ATR_8
2025-Full3629,Which curve in the drawing shows a critically-coupled response?,2025 Full V1.6b,2025 Full V1.6b - Transmitters and Receivers,A3I_4,Curve 1,Curve 3,Curve 4,Curve 2,D,2025-Full3629.svg,3I4,Transmitters and receivers,Superheterodyne concepts,ATR_8
2025-Full532,An Intermediate Frequency transformer is said to be 'critically coupled' when it uses,2025 Full V1.6b,2025 Full V1.6b - Transmitters and Receivers,A3I_4,a single tuned circuit with inductor and capacitor values designed to maximise the signal to noise ratio,a screening can which minimises the coupling of the magnetic field of the transformer to other nearby components,two tuned circuits which are coupled so as to achieve steep sides without a dip in the response curve,two tuned circuits which resonate at two different frequencies so as to optimise the coupling between them,C,,3I4,Transmitters and receivers,Superheterodyne concepts,ATR_8
2025-Full534,The selectivity of a superheterodyne receiver is determined mainly by the,2025 Full V1.6b,2025 Full V1.6b - Transmitters and Receivers,A3I_4,detector,frequency changer,audio amplifier,IF amplifier,D,,3I4,Transmitters and receivers,Superheterodyne concepts,ATR_8
2025-Full535,Reducing the gain of an IF amplifier stage by changing the bias has the side effect of causing distortion. This distortion is removed by,2025 Full V1.6b,2025 Full V1.6b - Transmitters and Receivers,A3I_4,the IF tuned circuits,a filter in the audio amplifier,resetting the biasing of the IF transistors,using DC coupling in the IF circuits,A,,3I4,Transmitters and receivers,Superheterodyne concepts,ATR_8
2025-Full536,The AGC voltage from the detector stage of a receiver varies the gain of the IF stages by,2025 Full V1.6b,2025 Full V1.6b - Transmitters and Receivers,A3I_4,varying the coupling in the IF transformers,varying the RF bias to the IF amplifier transistors,varying the DC bias to the IF amplifier transistors,off - tuning the IF by means of a variable capacitance diode,C,,3I4,Transmitters and receivers,Superheterodyne concepts,ATR_8
2025-Full537,In a typical IF amplifier the coupling between the stages is normally by means of,2025 Full V1.6b,2025 Full V1.6b - Transmitters and Receivers,A3I_4,coupling capacitors,direct biasing,tuned transformers,RF matching,C,,3I4,Transmitters and receivers,Superheterodyne concepts,ATR_8
2025-Full7641,Phase noise is likely to be significant in the output from,2025 Full V1.6b,2025 Full V1.6b - Transmitters and Receivers,A3I_5,an RC oscillator.,a crystal oscillator.,an LC oscillator.,a PLL oscillator.,D,,3I5,Transmitters and receivers,Superheterodyne concepts,ATR_8
2025-Full7643,What is the mechanism by which poor phase noise on an oscillator degrades transmitter performance?,2025 Full V1.6b,2025 Full V1.6b - Transmitters and Receivers,A3I_5,"Phase noise results in a much wider drift in frequency, reducing stability and making netting on your frequency less precise or consistent.",Phase noise is signals within a few kHz of the oscillator frequency which cause a noticeable increase in the noise floor within a few kHz of the transmission.,Phase noise degrades the performance of the sideband filter allowing your transmission to be clearly copied on the wrong sideband.,"Phase noise results in an increase in harmonics of the transmitted RF, causing interference to other amateur bands and other users.",B,,3I5,Transmitters and receivers,Superheterodyne concepts,ATR_8
2025-Full7693,The level of phase noise is normally given in units of,2025 Full V1.6b,2025 Full V1.6b - Transmitters and Receivers,A3I_5,dBi.,dBc.,dBc/Hz.,dB/Hz.,C,,3I5,Transmitters and receivers,Superheterodyne concepts,ATR_8
2025-Full7694,Phase noise is a feature often associated with,2025 Full V1.6b,2025 Full V1.6b - Transmitters and Receivers,A3I_5,an amplifier operating in class A.,an amplifier operating in class C.,an oscillator.,an AF amplifier.,C,,3I5,Transmitters and receivers,Superheterodyne concepts,ATR_8
2025-Full7797,An important effect of severe phase noise in a transmitter is,2025 Full V1.6b,2025 Full V1.6b - Transmitters and Receivers,A3I_5,increased risk of reciprocal mixing in transmitters where the signal is mixed up to the final transmitted frequency.,poor modulation characteristics of frequency or phase modulated transmissions affecting the quality of the recovered audio at the receiver.,instability in the transmitted frequency cause difficulty in tuning in data signals accurately using single sideband mode.,a rise in the noise floor in the vicinity of a transmitter several kilohertz each side of the necessary bandwidth of the transmitted signal.,D,,3I5,Transmitters and receivers,Superheterodyne concepts,ATR_8
2025-Full8031,Why does fitting an RF preamplifier to an HF receiver not necessarily result in being able to receive weaker signals?,2025 Full V1.6b,2025 Full V1.6b - Transmitters and Receivers,A3J_1,The noise introduced by the front end of an HF receiver is typically much lower than the natural RF noise.,The noise introduced by the front end of an HF receiver is normally higher than the natural RF noise.,The extra gain introduced by additional amplification reduces the dynamic range of the receiver.,"Adding an additional amplifier can upset the matching to the main receiver, introducing additional noise.",A,,3J1,Transmitters and receivers,RF amplifiers and external pre-amplifiers,ATR_9
2025-Full3626,A old UHF receiver has a quoted sensitivity on 0.32uV (Negative (-)117dBm) for 12 dB S/N. Overload is at 10mV (Negative (-)27dBm). To improve its sensitivity a pre-amplifier is inserted between the feeder and the receiver with a gain of 12dB and 8dB less internal noise. The dynamic range is,2025 Full V1.6b,2025 Full V1.6b - Transmitters and Receivers,A3J_1,increased by 8dB,equal to 90dB,about 102dB,reduced by 4dB,D,,3J1,Transmitters and receivers,RF amplifiers and external pre-amplifiers,ATR_9
2025-Full3802,It is proposed to fit a pre-amplifier to an existing receiver. Which combination is likely to show the greatest overall improvement?,2025 Full V1.6b,2025 Full V1.6b - Transmitters and Receivers,A3J_1,A pre-amplifier with a high internal noise and a receiver with a low internal noise.,A pre-amplifier with a high internal noise and a receiver with a high internal noise.,A pre-amplifier with a low internal noise and a receiver with high internal noise.,A pre-amplifier with a low internal noise and a receiver with a low internal noise.,C,,3J1,Transmitters and receivers,RF amplifiers and external pre-amplifiers,ATR_9
2025-Full7697,Locating an RF preamplifier at the antenna end of the feeder rather than the receiver end will typically improve the signal to noise ratio of weak signals by,2025 Full V1.6b,2025 Full V1.6b - Transmitters and Receivers,A3J_1,an amount equal to the loss in the main feeder.,an amount equal to twice the loss in the main feeder.,the level of gain in the RF preamplifier.,the difference between the preamplifier gain and the feeder loss.,A,,3J1,Transmitters and receivers,RF amplifiers and external pre-amplifiers,ATR_9
2025-Full7698,It is often found that adding a preamplifier to an HF receiver has little effect on the signal to noise ratio of weak signals. Why might this be so?,2025 Full V1.6b,2025 Full V1.6b - Transmitters and Receivers,A3J_1,HF amplifiers are inherently noisy so a preamp is unlikely to be any better than the receiver it is to be used with.,"Natural HF noise is relatively high, an antenna sited pre-amplifier will have little or no effect on the received SNR.",The extra gain will reduce the overload margin so intermodulation effects will mask any improvement.,Preamps are wideband devices so will pick up a wider range of noise which will reduce the overall noise performance.,B,,3J1,Transmitters and receivers,RF amplifiers and external pre-amplifiers,ATR_9
2025-Full7900,"A 70cm receiver has a long feeder to an antenna at the far end of the garden. To improve reception of weak signals a low-noise pre-amplifier is fitted alongside the receiver. The improvement in signal to noise ratio is noticeable but not impressive, certainly only a fraction of the expected improvement given the gain of the pre-amp. To try to further improve matters it is worth",2025 Full V1.6b,2025 Full V1.6b - Transmitters and Receivers,A3J_1,swapping the pre-amplifier for one of a higher gain.,moving the pre-amplifier to the antenna end of the main feeder.,fitting a high-pass filter to remove signals at 2m and below.,running the feeder at least 20cm deep in the soil.,B,,3J1,Transmitters and receivers,RF amplifiers and external pre-amplifiers,ATR_9
2025-Full3633,What signals should be at the points 'P' and 'Q' in the drawing?,2025 Full V1.6b,2025 Full V1.6b - Transmitters and Receivers,A3K_1,P: audio Q: frequency modulated carrier,P: amplitude modulated IF Q: audio,P: audio Q: amplitude modulated carrier,P: frequency modulated IF Q: audio,D,2025-Full3633.svg,3K1,Transmitters and receivers,Demodulation,ATR_10
2025-Full540,Which of the following modes of modulation can a product detector resolve?,2025 Full V1.6b,2025 Full V1.6b - Transmitters and Receivers,A3K_1,FM CW and SSB,FM only,CW only,CW and SSB,D,,3K1,Transmitters and receivers,Demodulation,ATR_10
2025-Full543,Which mode of signals is demodulated with a ratio detector?,2025 Full V1.6b,2025 Full V1.6b - Transmitters and Receivers,A3K_1,AM,SSB,FM,CW,C,,3K1,Transmitters and receivers,Demodulation,ATR_10
2025-Full7699,One advantage of a fast attack in the response of the AGC circuits is that,2025 Full V1.6b,2025 Full V1.6b - Transmitters and Receivers,A3L_1,the receiver will recover quickly from a strong burst of interfering RF.,the receiver will be very quick to react to frequency changes in the wanted signal.,a sudden large RF signal on FM will not result in an overly loud audio output.,a sudden large RF signal on SSB will not result in an overly loud audio output.,D,,3L1,Transmitters and receivers,Automatic gain control (AGC),ATR_10
2025-Full7700,The AGC signal is derived from the,2025 Full V1.6b,2025 Full V1.6b - Transmitters and Receivers,A3L_1,level of the signal into the demodulator.,level of the signal into the IF amplifier circuits.,volume of the audio signal from the audio amplifier.,level of the output from the first mixer circuit.,A,,3L1,Transmitters and receivers,Automatic gain control (AGC),ATR_10
2025-Full7750,What does the term 'attack' refer to in the operation of the AGC in a receiver?,2025 Full V1.6b,2025 Full V1.6b - Transmitters and Receivers,A3L_1,The signal level threshold at which the AGC starts to reduce the IF gain.,The speed of response in turning down the IF gain.,The rise time of the noise impulse needed to trigger the AGC.,The dB change in volume when muting the audio signal.,B,,3L1,Transmitters and receivers,Automatic gain control (AGC),ATR_10
2025-Full7751,What does the term 'decay' refer to in the operation of the AGC of a receiver?,2025 Full V1.6b,2025 Full V1.6b - Transmitters and Receivers,A3L_1,The loss of sensitivity of a receiver when subject to repetitive noise spikes.,The 'max hold' time of the signal level indicator to allow pep measurement.,The time taken for the IF amplifiers to achieve maximum gain.,The way in which the audio is muted following a large RF noise spike.,C,,3L1,Transmitters and receivers,Automatic gain control (AGC),ATR_10
2025-Full7799,What settings might be provided to operate the AGC in a receiver?,2025 Full V1.6b,2025 Full V1.6b - Transmitters and Receivers,A3L_1,CW/data; on/off.,Data/voice; high/low.,Forward/reverse; high/low.,Attack/decay; fast/slow.,D,,3L1,Transmitters and receivers,Automatic gain control (AGC),ATR_10
2025-Full7901,In a superheterodyne receiver the AGC control voltage is usually the,2025 Full V1.6b,2025 Full V1.6b - Transmitters and Receivers,A3L_1,output of the RF amplifier prior to the mixer.,input to the loudspeaker.,input to the detector stage of the receiver.,input to the IF stages of the receiver.,C,,3L1,Transmitters and receivers,Automatic gain control (AGC),ATR_10
2025-Full6022,Modulating a carrier with digital data can,2025 Full V1.6b,2025 Full V1.6b - Transmitters and Receivers,A3M_1,vary the amplitude and phase of the carrier.,only vary the amplitude of the carrier.,only vary the phase of the carrier.,only vary the frequency of the carrier.,A,,3M1,Transmitters and receivers,SDR transmitters and receivers,ATR_11
2025-Full6023,The solid arrow in the phasor diagram represents the carrier and the dashed arrows represent sidebands. What type of modulation is being portrayed?,2025 Full V1.6b,2025 Full V1.6b - Transmitters and Receivers,A3M_1,Frequency Modulation,Amplitude Modulation,Single Sideband Modulation,Binary Data Modulation,B,2025-Full6023.png,3M1,Transmitters and receivers,SDR transmitters and receivers,ATR_11
2025-Full6024,The solid arrow in the phasor diagram represents the carrier and the dashed arrows represent sidebands. What type of modulation is being portrayed?,2025 Full V1.6b,2025 Full V1.6b - Transmitters and Receivers,A3M_1,Frequency Modulation.,Amplitude Modulation.,Binary Data Modulation.,Single Sideband Modulation.,A,2025-Full6024.png,3M1,Transmitters and receivers,SDR transmitters and receivers,ATR_11
2025-Full6027,The diagram shows a phasor diagram representing the positions occupied by a particular type of data modulation. In order to recover the data an SDR demodulator needs to,2025 Full V1.6b,2025 Full V1.6b - Transmitters and Receivers,A3M_1,down-convert the signal to baseband and digitise.,use a frequency discriminator and digitise the output.,identify the amplitude of the signal in two phases 90¬∞ apart.,use a diode demodulator to record the signal amplitude.,C,2025-Full6027.png,3M1,Transmitters and receivers,SDR transmitters and receivers,ATR_11
2025-Full7902,If the amplitude and phase of an incoming RF signal can be captured with reasonable accuracy,2025 Full V1.6b,2025 Full V1.6b - Transmitters and Receivers,A3M_1,it is not possible to demodulate digital data signals.,it is possible to demodulate only frequency modulated signals.,it is possible to demodulate only digital data signals.,it is possible to demodulate any known form of modulation.,D,,3M1,Transmitters and receivers,SDR transmitters and receivers,ATR_11
2025-Full8034,An oscillator is designed to have two outputs at the same frequency but with a phase difference of 90°. It is most likely that the oscillator is an essential part of,2025 Full V1.6b,2025 Full V1.6b - Transmitters and Receivers,A3M_2,an SSB transceiver.,an FM transmitter.,an SDR receiver.,an analogue FM receiver.,C,,3M2,Transmitters and receivers,SDR transmitters and receivers,ATR_11
2025-Full8035,The drawing shows part of the block diagram of a radio device. It is likely to be an essential part of an,2025 Full V1.6b,2025 Full V1.6b - Transmitters and Receivers,A3M_2,automated AMU.,FM receiver.,SSB transceiver.,SDR receiver.,D,2025-Full8035.png,3M2,Transmitters and receivers,SDR transmitters and receivers,ATR_11
2025-Full6028,To capture both the amplitude and phase of a received signal in an SDR receiver it is necessary to,2025 Full V1.6b,2025 Full V1.6b - Transmitters and Receivers,A3M_2,"down-convert the signal to baseband and use a phase-lock-loop detector, digitising the output.",mix the signal with two local oscillator signals of the same frequency but with a 180¬∞ phase difference.,mix the signal with two local oscillator signals of the same frequency but with a 90¬∞ phase difference.,use a Fourier transformation on the received signal to identify the amplitudes at two different frequencies.,C,,3M2,Transmitters and receivers,SDR transmitters and receivers,ATR_11
2025-Full6029,In order to use digital processing to tune to and demodulate a radio signal it is necessary to employ a mixing process where the incoming RF signals,2025 Full V1.6b,2025 Full V1.6b - Transmitters and Receivers,A3M_2,are combined in the IF stages to give two copies of the modulation 180 degrees apart.,are combined in the IF stages to give two copies of the modulation 90 degrees apart.,are mixed with two local oscillator signals of the same frequency but 180 degrees different in phase.,are mixed with two local oscillator signals of the same frequency but 90 degrees different in phase.,D,,3M2,Transmitters and receivers,SDR transmitters and receivers,ATR_11
2025-Full6030,Why is it necessary to utilise both an 'I' and a 'Q' signal when they are both derived from the same incoming signal?,2025 Full V1.6b,2025 Full V1.6b - Transmitters and Receivers,A3M_2,Because some transmissions use both frequency and phase information to encode the data.,To identify whether the signal is amplitude modulated or frequency modulated.,In order to capture both the amplitude and phase of the modulated signal.,In order to capture both the amplitude and frequency of the modulated signal.,C,,3M2,Transmitters and receivers,SDR transmitters and receivers,ATR_11
2025-Full7800,An alternative to using local oscillators and mixers to extract the I and Q streams from an incoming radio signal is to,2025 Full V1.6b,2025 Full V1.6b - Transmitters and Receivers,A3M_2,digitise directly at RF so the I and Q streams and subsequent processing are all mathematical operations.,mix the RF signal down to baseband audio avoiding the need for I and Q streams altogether.,demodulate the signal at the Nyquist rate so an ordinary PCs soundcard can handle the data.,use parallel AM and FM demodulators simultaneously to capture the data provided the data rate is relatively slow.,A,,3M2,Transmitters and receivers,SDR transmitters and receivers,ATR_11
2025-Full554,In a modern transceiver which of the following would be shared between transmit and receive circuits?,2025 Full V1.6b,2025 Full V1.6b - Transmitters and Receivers,A3N_1,SSB filter,ALC circuit,AGC circuit,RF pre-amplifier,A,,3N1,Transmitters and receivers,Transceivers,ATR_12
2025-Full556,In a modern transceiver which of the following would NOT be shared between transmit and receive circuits?,2025 Full V1.6b,2025 Full V1.6b - Transmitters and Receivers,A3N_1,SSB filter,CW filter,Frequency synthesiser,AGC circuit,D,,3N1,Transmitters and receivers,Transceivers,ATR_12
2025-Full557,The RIT control on a radio transceiver,2025 Full V1.6b,2025 Full V1.6b - Transmitters and Receivers,A3N_1,is only used during Morse code reception,tunes the transmitter independently of the receiver,is only used when transmitting FM,tunes the receiver independently of the transmitter,D,,3N1,Transmitters and receivers,Transceivers,ATR_12
2025-Full558,The purpose of the RIT control on a transceiver is to,2025 Full V1.6b,2025 Full V1.6b - Transmitters and Receivers,A3N_1,allow the frequency of the receiver IF amplifier to be varied to avoid interference,vary the frequency of both receiver and transmitter,allow the frequency of the transmitter to be adjusted without varying the frequency of the receiver,allow the frequency of the receiver to be adjusted without varying the frequency of the transmitter,D,,3N1,Transmitters and receivers,Transceivers,ATR_12
2025-Full559,"When operating HF SSB in a net of several stations, it is noted that the stations are all transmitting on slightly different frequencies. A good way of improving reception is to adjust the",2025 Full V1.6b,2025 Full V1.6b - Transmitters and Receivers,A3N_1,squelch,main frequency or tuning control,RIT control,IF filter bandwidth,C,,3N1,Transmitters and receivers,Transceivers,ATR_12
2025-Full700,A transceiver will often share circuits between transmitter and receiver. Typically this would include the,2025 Full V1.6b,2025 Full V1.6b - Transmitters and Receivers,A3N_1,frequency modulator,AGC circuits,discriminator,IF filters,D,,3N1,Transmitters and receivers,Transceivers,ATR_12
2025-Full3635,Which amateur band is the receive converter shown intended to cover?,2025 Full V1.6b,2025 Full V1.6b - Transmitters and Receivers,A3N_2,2m,70cm,4m,6m,A,2025-Full3635.svg,3N2,Transmitters and receivers,Transceivers,ATR_12
2025-Full3636,The receive converter shown is designed to receive which amateur band?,2025 Full V1.6b,2025 Full V1.6b - Transmitters and Receivers,A3N_2,6m,4m,2m,70cm,A,2025-Full3636.svg,3N2,Transmitters and receivers,Transceivers,ATR_12
2025-Full3637,Which amateur band will the receive converter cover?,2025 Full V1.6b,2025 Full V1.6b - Transmitters and Receivers,A3N_2,2m,70cm,6m,4m,D,2025-Full3637.svg,3N2,Transmitters and receivers,Transceivers,ATR_12
2025-Full552,An HF operator who wishes to operate on UHF can do so by adding a,2025 Full V1.6b,2025 Full V1.6b - Transmitters and Receivers,A3N_2,transverter with up conversion on transmit and down conversion on receive,receiver converter with a UHF output,antenna matching unit with large component values,transmatch with a balanced output,A,,3N2,Transmitters and receivers,Transceivers,ATR_12
2025-Full553,"In order to operate cross-band with VHF receive and HF transmit, an HF operator could use",2025 Full V1.6b,2025 Full V1.6b - Transmitters and Receivers,A3N_2,VHF receiver converter with an HF output,transmatch with a balanced output,a transverter with up conversion on transmit and down conversion on receive,an antenna matching unit with large component values,A,,3N2,Transmitters and receivers,Transceivers,ATR_12
2025-Full7905,"It is desired to operate on 2m SSB using the station 10m, 28-30MHz, transceiver. This can be done with a suitable mixer and crystal oscillator. What is the best choice of crystal frequency?",2025 Full V1.6b,2025 Full V1.6b - Transmitters and Receivers,A3N_2,114MHz,116MHz,172MHz,174MHz,B,,3N2,Transmitters and receivers,Transceivers,ATR_12
2025-Full3659,The circuit is a,2025 Full V1.6b,2025 Full V1.6b - Feeder and Antenna,A4B_1,4 to 1 (4:1) balun,low-pass filter,braid-breaker filter,1 to 1 (1:1) balun,D,2025-Full3659.svg,4B1,Feeders and antennas,Baluns,AFA_1
2025-Full3675,The diagram shows the circuit of an antenna tuning unit (ATU/AMU). When correctly adjusted it is intended to,2025 Full V1.6b,2025 Full V1.6b - Feeder and Antenna,A4F_1,tune out any reactive component and transform the resistive component value to 50Ω,bring the impedance presented to the transmitter to 50Ω but with some reactive component.,bring the antenna itself to resonance at the transmitted frequency,only tune out the reactive component of the antenna feed impedance,A,2025-Full3675.svg,4F1,Feeders and antennas,Antenna matching units,AFA_5
2025-Full3737,The figure shows a half wave dipole fed from a transmitter. The dashed line represents the antenna's,2025 Full V1.6b,2025 Full V1.6b - Feeder and Antenna,A4D_2,standing wave ratio.,current distribution.,voltage distribution.,radiation pattern.,B,2025-Full3737.svg,4D2,Feeders and antennas,Types of antenna,AFA_2
2025-Full3738,The figure shows a half wave dipole fed from a transmitter. The dashed line represents the antenna's,2025 Full V1.6b,2025 Full V1.6b - Feeder and Antenna,A4D_2,standing wave ratio.,radiation pattern.,current distribution.,voltage distribution.,D,2025-Full3738.svg,4D2,Feeders and antennas,Types of antenna,AFA_2
2025-Full3739,A folded dipole has been used in a VHF directional antenna in order to,2025 Full V1.6b,2025 Full V1.6b - Feeder and Antenna,A4D_2,increase the gain of the antenna.,raise the feedpoint impedance of the antenna.,lower the vertical radiation angle of the antenna.,allow the antenna to be used on more than one amateur band.,B,,4D2,Feeders and antennas,Types of antenna,AFA_2
2025-Full3750,"If an Antenna Matching Unit (AMU/ATU) is installed between the transmitter and the feeder to the antenna, and correctly adjusted it will",2025 Full V1.6b,2025 Full V1.6b - Feeder and Antenna,A4F_1,tune out reactive component at the input to the feeder.,increase feeder loss.,affect the SWR on the feeder between the AMU/ATU and the antenna feedpoint.,reduce feeder loss.,A,,4F1,Feeders and antennas,Antenna matching units,AFA_5
2025-Full3817,"When used as intended, an antenna matching unit (AMU/ATU) is designed to reduce",2025 Full V1.6b,2025 Full V1.6b - Feeder and Antenna,A4F_1,the resistive part of the impedance and leave the inductive and capacitive part of the impedance,feeder losses due to resistance in the feeder which might contribute to a high SWR,inductive or capacitive reactance and adjust the resistive part of the impedance,inductive reactance and leave the capacitive reactance and resistive part of the impedance,C,,4F1,Feeders and antennas,Antenna matching units,AFA_5
2025-Full560,"Due to the Velocity Factor, the physical length of antenna feeder is",2025 Full V1.6b,2025 Full V1.6b - Feeder and Antenna,A4A_3,independent of its electrical length,always less than its electrical length,always the same as its electrical length,always more than its electrical length,B,,4A3,Feeders and antennas,Feeders,AFA_1
2025-Full561,A length of coaxial cable with a polythene dielectric is cut to λ/4 at 10MHz. The physical length will be approximately,2025 Full V1.6b,2025 Full V1.6b - Feeder and Antenna,A4A_3,5m,7.5m,30m,15m,A,,4A3,Feeders and antennas,Feeders,AFA_1
2025-Full562,The ratio of the wavelength of a signal in a coaxial cable to the wavelength in free space is a measure of the,2025 Full V1.6b,2025 Full V1.6b - Feeder and Antenna,A4A_3,velocity factor,standing wave ratio,frequency ratio,transmitted frequency,A,,4A3,Feeders and antennas,Feeders,AFA_1
2025-Full563,A λ/4 length of solid polythene coaxial cable is required to match an antenna for the 2 metre band. Its length will be approximately,2025 Full V1.6b,2025 Full V1.6b - Feeder and Antenna,A4A_3,33cm,50cm,25cm,66cm,A,,4A3,Feeders and antennas,Feeders,AFA_1
2025-Full565,An antenna has a feedpoint impedance of 100Ω at the frequency in use and is fed via 75Ω coaxial cable cut to λ/4 at the frequency in use. What impedance will the transmitter see?,2025 Full V1.6b,2025 Full V1.6b - Feeder and Antenna,A4F_2,56Ω,1.3Ω,130Ω,0.75Ω,A,,4F2,Feeders and antennas,Antenna matching units,AFA_5
2025-Full566,An antenna has a feed impedance of 100Ω. A λ/4 feeder to transform this to 50Ω will have an impedance of approximately,2025 Full V1.6b,2025 Full V1.6b - Feeder and Antenna,A4F_2,50Ω,100Ω,200Ω,70Ω,D,,4F2,Feeders and antennas,Antenna matching units,AFA_5
2025-Full570,Which of the following is NOT a type of balun?,2025 Full V1.6b,2025 Full V1.6b - Feeder and Antenna,A4B_1,Differential,Transformer,Sleeve,Choke,A,,4B1,Feeders and antennas,Baluns,AFA_1
2025-Full571,What would the advantage be fitting a 1 to 1 (1:1) balun to the centre of a dipole antenna of an amateur transceiver fed by coaxial cable?,2025 Full V1.6b,2025 Full V1.6b - Feeder and Antenna,A4B_1,It would improve the reception,It would minimise RF currents flowing on the outer braid of the coaxial cable,It can boost the transmitter signal,It would improve the impedance match between the antenna and the transmitter,B,,4B1,Feeders and antennas,Baluns,AFA_1
2025-Full573,A coaxial feeder cable is being used to feed a centre-fed half wave dipole. To reduce RF currents on the outer braid of the feeder; a length of braid from a larger cable is fitted over the outer insulation of the feeder. This braid should be,2025 Full V1.6b,2025 Full V1.6b - Feeder and Antenna,A4B_1,as long as possible,soldered to the feeder braid at the end closest to the antenna,λ/4 long,λ/2 long,C,,4B1,Feeders and antennas,Baluns,AFA_1
2025-Full574,"Because of the end factor correction, the actual length of a λ/2 dipole antenna is approximately",2025 Full V1.6b,2025 Full V1.6b - Feeder and Antenna,A4D_1,5% less than the electrical length,5% greater than the electrical length,10% greater than the electrical length,10% less than the electrical length,A,,4D1,Feeders and antennas,Types of antenna,AFA_2
2025-Full575,"For a 30MHz half-wave dipole antenna, the length of wire on each side of the central insulator is approximately",2025 Full V1.6b,2025 Full V1.6b - Feeder and Antenna,A4D_1,10m,4.75m,5.0m,2.4m,D,,4D1,Feeders and antennas,Types of antenna,AFA_2
2025-Full582,If the antenna shown was fed with a signal in the 14MHz band the feed-point impedance would be approximately,2025 Full V1.6b,2025 Full V1.6b - Feeder and Antenna,A4D_2,50Ω,35Ω,75Ω,300Ω,B,2025-Full582.svg,4D2,Feeders and antennas,Types of antenna,AFA_2
2025-Full583,The feed point impedance of a half-wave dipole antenna is between,2025 Full V1.6b,2025 Full V1.6b - Feeder and Antenna,A4D_2,10 and 20 ohms,50 and 75 ohms,30 and 40 ohms,5 and 10 ohms,B,,4D2,Feeders and antennas,Types of antenna,AFA_2
2025-Full587,Placing passive conducting elements close to a dipole will affect the radiation pattern of the dipole to make it directional. It will also,2025 Full V1.6b,2025 Full V1.6b - Feeder and Antenna,A4D_2,rotate the polarisation of the EM wave,suppress the E field of the EM wave,reduce the dipole feed impedance,increase the dipole feed impedance,C,,4D2,Feeders and antennas,Types of antenna,AFA_2
2025-Full592,"The sum of the forward and reverse signal voltages on a feeder, divided by their difference, is known as the",2025 Full V1.6b,2025 Full V1.6b - Feeder and Antenna,A4E_1,return loss,maximum working voltage,vector sum,standing wave ratio,D,,4E1,Feeders and antennas,Standing waves,AFA_3
2025-Full594,If the forward signal on a feeder is 100V and the reflected signal is 10V the standing wave ratio is,2025 Full V1.6b,2025 Full V1.6b - Feeder and Antenna,A4E_1,3.5 to 1 (3.5:1),1.2 to 1 (1.2:1),1 to 1 (1:1),10 to 1 (10:1),B,,4E1,Feeders and antennas,Standing waves,AFA_3
2025-Full597,A suitable meter in a coaxial cable indicates that the voltage of the RF signal from the transmitter is 12V and the reflected signal voltage from the antenna is 2V. The SWR at that point is,2025 Full V1.6b,2025 Full V1.6b - Feeder and Antenna,A4E_1,1 to 1 (1:1),2 to 1 (2:1),1.4 to 1 (1.4:1),1.2 to 1 (1.2:1),C,,4E1,Feeders and antennas,Standing waves,AFA_3
2025-Full599,You are asked to choose between two antennas on the basis of the results of return loss measurements on each of them. Antenna 1 has a measured return loss of 10dB and antenna 2 has a measured return loss of 20dB. Which antenna should you choose?,2025 Full V1.6b,2025 Full V1.6b - Feeder and Antenna,A4E_2,Antenna 1,Without knowing the feeder loss you cannot decide,"Either one, return loss is of no significance",Antenna 2,D,,4E2,Feeders and antennas,Standing waves,AFA_3
2025-Full600,A transceiver is connected to a length of feeder of loss 3dB but the far end is left disconnected. A forward/reverse power meter reads 8W forward power. What will the reverse power reading be?,2025 Full V1.6b,2025 Full V1.6b - Feeder and Antenna,A4E_2,4W,Zero,8W,2W,D,,4E2,Feeders and antennas,Standing waves,AFA_3
2025-Full601,A suitable meter in a coaxial cable indicates that the voltage of the RF signal from the transmitter is 10V and the reflected signal voltage from the antenna is 1V. The Return Loss is,2025 Full V1.6b,2025 Full V1.6b - Feeder and Antenna,A4E_2,10dB,11dB,20dB,1dB,C,,4E2,Feeders and antennas,Standing waves,AFA_3
2025-Full602,A transmitter feeds an antenna using a short length of good quality coaxial cable but the matching between the cable and the antenna is very poor. The transmitter will 'see',2025 Full V1.6b,2025 Full V1.6b - Feeder and Antenna,A4E_2,a low SWR and a high return loss,a high SWR and a low return loss,a low SWR and a low return loss,a high SWR and a high return loss,B,,4E2,Feeders and antennas,Standing waves,AFA_3
2025-Full603,"A transmitter is feeding a length of coaxial cable connected to an antenna, which is poorly matched. Rain seeping into the cable increases its attenuation by some 6dB. The effect at the transmitter will be that the SWR",2025 Full V1.6b,2025 Full V1.6b - Feeder and Antenna,A4E_3,decreases and the return loss decreases,increases and the return loss decreases,decreases and the return loss increases,increases and the return loss increases,C,,4E3,Feeders and antennas,Standing waves,AFA_3
2025-Full604,"The return loss of an antenna is noted as being 16dB. When installed the feeder is 10 metres long. If the feeder has a loss of 0.2dB/metre, the expected return loss, measured at the transmitter, will now be",2025 Full V1.6b,2025 Full V1.6b - Feeder and Antenna,A4E_3,20dB,18dB,16dB,14dB,A,,4E3,Feeders and antennas,Standing waves,AFA_3
2025-Full607,If RF losses in a feeder are high the SWR measured at the transmitter will be,2025 Full V1.6b,2025 Full V1.6b - Feeder and Antenna,A4E_3,the same as the return loss,higher than that at the antenna,matched to the feeder,lower than that at the antenna,D,,4E3,Feeders and antennas,Standing waves,AFA_3
2025-Full608,"The return loss of a feeder and antenna is measured as 30dB. If the feeder has a loss of 3dB, the return loss of the antenna is",2025 Full V1.6b,2025 Full V1.6b - Feeder and Antenna,A4E_3,27dB,33dB,24dB,36dB,C,,4E3,Feeders and antennas,Standing waves,AFA_3
2025-Full609,"The return loss of an antenna is measured as 20dB. The antenna is installed using 10m of feeder, which has a loss of 0.5dB per metre. The return loss measured at the transmitter will be",2025 Full V1.6b,2025 Full V1.6b - Feeder and Antenna,A4E_3,40dB,25dB,30dB,20dB,C,,4E3,Feeders and antennas,Standing waves,AFA_3
2025-Full610,A transmitter is connected to a length of feeder of loss 3dB and an antenna with a return loss of 15dB. What return loss will be seen at the transmitter,2025 Full V1.6b,2025 Full V1.6b - Feeder and Antenna,A4E_3,12dB,21dB,15dB,9dB,B,,4E3,Feeders and antennas,Standing waves,AFA_3
2025-Full718,A λ/4 coaxial line transformer using air spaced coaxial cable is replaced with one using a solid polythene dielectric. The length of the replacement cable will be,2025 Full V1.6b,2025 Full V1.6b - Feeder and Antenna,A4A_3,the same as the one it replaces,about 2/3 of the one it replaces,about half the length of the original,1.5 times the length of the one it replaces,B,,4A3,Feeders and antennas,Feeders,AFA_1
2025-Full719,It is desired to match an antenna of 100Ω impedance to a transmitter of 50Ω output using a short length of 72Ω feeder as an impedance transformer. Its length should be,2025 Full V1.6b,2025 Full V1.6b - Feeder and Antenna,A4F_2,any multiple of λ/2,as short as possible,λ/2 at the frequency concerned,λ/4 at the frequency concerned,D,,4F2,Feeders and antennas,Antenna matching units,AFA_5
2025-Full720,A 100Ω antenna is feeding a receiver with a 50Ω input impedance. It is decided to improve the matching by inserting a λ/4 length of coaxial cable as an impedance transformer. The characteristic impedance of this cable should be,2025 Full V1.6b,2025 Full V1.6b - Feeder and Antenna,A4F_2,100Ω,72Ω,50Ω,300Ω,B,,4F2,Feeders and antennas,Antenna matching units,AFA_5
2025-Full746,Two 50Ω Yagi antennas are connected by a λ/4 splitter to match 50Ω feeder. The characteristic impedance of the two λ/4 sections should be about,2025 Full V1.6b,2025 Full V1.6b - Feeder and Antenna,A4F_2,50Ω,35Ω,70Ω,100Ω,C,2025-Full746.svg,4F2,Feeders and antennas,Antenna matching units,AFA_5
2025-Full7908,"A VHF FM broadcast programme on 100MHz is suffering interference from a 2m transmission nearby. A stub filter is proposed, a length of solid polythene dielectric coaxial cable to be connected in parallel with the existing feeder from the aerial in the roof. The coax stub should be about",2025 Full V1.6b,2025 Full V1.6b - Feeder and Antenna,A4A_3,52cm long and open circuit at the free end.,52cm long and short circuit at the free end.,34cm long and open circuit at the free end.,34cm long and short circuit at the free end.,C,,4A3,Feeders and antennas,Feeders,AFA_1
2025-Full7911,"The drawing shows a sleeve balun. How long should the sleeve be, and at which end should the sleeve be connected to the outer braid of the coaxial feeder?",2025 Full V1.6b,2025 Full V1.6b - Feeder and Antenna,A4B_1,Connected at end 'A' and a quarter of a wavelength long.,Connected at end 'A' and a half of a wavelength long.,Connected at end 'B' and a quarter of a wavelength long.,Connected at end 'B' and a half of a wavelength long,A,2025-Full7911.png,4B1,Feeders and antennas,Baluns,AFA_1
2025-Full7914,How long is a typical half wave dipole tuned for the centre of the 1.8MHz band?,2025 Full V1.6b,2025 Full V1.6b - Feeder and Antenna,A4D_1,52.75m,75.00m,78.74m,157.48m,B,,4D1,Feeders and antennas,Types of antenna,AFA_2
2025-Full7916,How long is the optimum length of a half-wave dipole for the centre of the 3.5MHz - 3.8MHz band?,2025 Full V1.6b,2025 Full V1.6b - Feeder and Antenna,A4D_1,39m,40.7m,41.1m,82.2m,A,,4D1,Feeders and antennas,Types of antenna,AFA_2
2025-Full7917,A directional power meter shows 400W from the transmitter and 25W reflected from the antenna. An SWR meter is then substituted for the power meter. What approximate reading is expected?,2025 Full V1.6b,2025 Full V1.6b - Feeder and Antenna,A4E_1,4 to 1 (4:1),16 to 1 (16:1),1.1 to 1 (1.1:1),1.7 to 1 (1.7:1),D,,4E1,Feeders and antennas,Standing waves,AFA_3
2025-Full7918,A Radio Amateur wants help with their antenna matching. If the forward power to an antenna and feeder is 9W and the reflected power is 1W then the SWR is approximately,2025 Full V1.6b,2025 Full V1.6b - Feeder and Antenna,A4E_1,1.25 to 1 (1.25:1),2 to 1 (2:1),3 to 1 (3:1),9 to 1 (9:1),B,,4E1,Feeders and antennas,Standing waves,AFA_3
2025-Full7919,A directional power meter shows 400W from the transmitter and 25W reflected from the antenna. The Return Loss is,2025 Full V1.6b,2025 Full V1.6b - Feeder and Antenna,A4E_2,0.28dB,1.2dB,6dB,12dB,D,,4E2,Feeders and antennas,Standing waves,AFA_3
2025-Full7920,A Radio Amateur wants help with their antenna matching. The power meter shows 9W from the transmitter and 1W reflected. What is the Return Loss?,2025 Full V1.6b,2025 Full V1.6b - Feeder and Antenna,A4E_2,4.8dB,9dB,9.5dB,19dB,C,,4E2,Feeders and antennas,Standing waves,AFA_3
2025-Full7922,Four Yagis are connected together to give increased gain. Each has a feed impedance of 50Ω and have λ/4 tails of 75Ω coax to a common point where they are all paralleled together. Another λ/4 length is used to match to the 50Ω main feeder. What characteristic impedance is ideally needed?,2025 Full V1.6b,2025 Full V1.6b - Feeder and Antenna,A4F_2,25Ω,37.5Ω,50Ω,75Ω,B,,4F2,Feeders and antennas,Antenna matching units,AFA_5
2025-Full825,The diagram shows,2025 Full V1.6b,2025 Full V1.6b - Feeder and Antenna,A4F_1,a 1 to 1 (1:1) Balun,a 1 to 4 (1:4) Balun,a pi match AMU,an L match AMU,C,2025-Full825.svg,4F1,Feeders and antennas,Antenna matching units,AFA_5
2025-Full829,The diagram below shows,2025 Full V1.6b,2025 Full V1.6b - Feeder and Antenna,A4F_1,a 1 to 4 (1:4) Balun,a 1 to 1 (1:1) Balun,a pi match AMU,an L match AMU,D,2025-Full829.svg,4F1,Feeders and antennas,Antenna matching units,AFA_5
2025-Full849,The diagram shows,2025 Full V1.6b,2025 Full V1.6b - Feeder and Antenna,A4F_1,a low pass filter antenna matching unit,a pi-match antenna matching unit,a T-match antenna matching unit,an l-match antenna matching unit,C,2025-Full849.svg,4F1,Feeders and antennas,Antenna matching units,AFA_5
2025-Full3673,Which drawing correctly shows an electromagnetic wave?,2025 Full V1.6b,2025 Full V1.6b - Propagation,A5A_3,Drawing 4,Drawing 3,Drawing 2,Drawing 1,C,2025-Full3673.svg,5A3,Propagation,Radio propagation: key concepts,AP_1
2025-Full3806,Why is circular polarisation advantageous when communicating through or with a satellite?,2025 Full V1.6b,2025 Full V1.6b - Propagation,A5A_3,The orientation of the satellite antenna is changing,The satellite is in a circular orbit,Circular polarisation needs less power,Circularly polarised signals will not bounce off the atmosphere,A,,5A3,Propagation,Radio propagation: key concepts,AP_1
2025-Full617,Circular polarisation is characterised by the electric and magnetic fields,2025 Full V1.6b,2025 Full V1.6b - Propagation,A5A_3,rotating in the same direction,being at 180 degrees to each other,being in the same plane,rotating in opposite directions,A,,5A3,Propagation,Radio propagation: key concepts,AP_1
2025-Full782,When an antenna is using right-handed circular polarisation,2025 Full V1.6b,2025 Full V1.6b - Propagation,A5A_3,only the electric part of the wave rotates as it propagates,the electric and magnetic parts of the wave rotate clockwise from behind as the wave propagates,the electric and magnetic parts of the wave rotate ant-clockwise from behind as the wave propagates,only the magnetic part of the wave rotates as it propagates,B,,5A3,Propagation,Radio propagation: key concepts,AP_1
2025-Full852,When using circular polarisation The E and H fields of an electromagnetic wave are:-,2025 Full V1.6b,2025 Full V1.6b - Propagation,A5A_3,at 45 degrees to the direction of travel,in phase with each other,out of phase with each other,at 45 degrees to each other,B,,5A3,Propagation,Radio propagation: key concepts,AP_1
2025-Full3674,Which statement about antenna polarisation offers the best advice?,2025 Full V1.6b,2025 Full V1.6b - Propagation,A5A_3,The polarisation of the receive antenna for any frequency is not important because the polarisation of the transmit antenna is unknown.,The transmit and receive antennas should have the same polarisation for VHF and UHF but it matters less for HF.,It is particularly important for all transmit and receive antennas to have the same polarisation irrespective of the frequency.,At HF the polarisation of the receive antenna must match that of the transmitter but it is less imporant at VHF.,B,,5A3,Propagation,Radio propagation: key concepts,AP_1
2025-Full3730,"If the distance between transmitting and receiving antennas in free space is doubled, the power flux density at the receiving antenna changes by",2025 Full V1.6b,2025 Full V1.6b - Propagation,A5A_1,Negative (-)6dB.,Negative (-)3dB.,Positive (+)6dB.,Positive (+)3db.,A,,5A1,Propagation,Radio propagation: key concepts,AP_1
2025-Full3732,Under 'free space conditions' electromagnetic waves travel according to an inverse square law of power flux density. Such a statement means that the power flux density,2025 Full V1.6b,2025 Full V1.6b - Propagation,A5A_1,remains constant irrespective of distance from the radiating antenna,decreases slowly with increasing distance from a radiating antenna.,decreases quickly and then less so as the distance becomes greater.,increases quickly with increasing distance from the radiating antenna,C,,5A1,Propagation,Radio propagation: key concepts,AP_1
2025-Full3760,Under free space conditions electromagnetic waves,2025 Full V1.6b,2025 Full V1.6b - Propagation,A5A_1,travel in straight lines and spread out according to the inverse square law of power flux density.,travel in straight lines and are spread out according to the square law of power flux density.,travel in straight lines and are spread out according to the inverse linear law of power flux density.,travel in straight lines and spread out according to the linear law of power flux density.,A,,5A1,Propagation,Radio propagation: key concepts,AP_1
2025-Full3797,The Maximum Usable Frequency (MUF),2025 Full V1.6b,2025 Full V1.6b - Propagation,A5B_2,will always be lower than the Critical Frequency by an amount depending on ionospheric conditions.,can be higher or lower than the Critical Frequency depending on the chosen path and time of day.,will always be higher than the Critical Frequency by an amount depending on the distance to the far station.,will be approximately the same as the Critical Frequency for the longest paths where the angle of radiation is low.,C,,5B2,Propagation,Ionosphere,AP_2
2025-Full6031,A higher sunspot number is often an indication of,2025 Full V1.6b,2025 Full V1.6b - Propagation,A5B_1,a lower level of ionisation and improved HF propagation.,a higher level of ionisation and improved HF propagation.,a higher level of ionisation and poorer HF propagation,a lower level of ionisation and poorer HF propagation.,B,,5B1,Propagation,Ionosphere,AP_2
2025-Full6032,What effect does the presence of sunspots have on HF propagation?,2025 Full V1.6b,2025 Full V1.6b - Propagation,A5B_1,Sunspots increase the level of ionisation in the ionosphere and typically the MUF is increased and propagation improves.,Sunspots increase the level of ionisation in the ionosphere and typically the MUF is decreased and propagation improves.,Sunspots decrease the level of ionisation in the ionosphere and typically the MUF is decreased and propagation is poorer.,Sunspots decrease the level of ionisation in the ionosphere and typically the MUF is increased and propagation is poorer.,A,,5B1,Propagation,Ionosphere,AP_2
2025-Full6033,A Dellinger fade-out or Sudden Ionospheric Disturbance is normally associated with,2025 Full V1.6b,2025 Full V1.6b - Propagation,A5B_1,magnetic anomalies.,prolonged high temperatures.,sunspot minima.,a recent solar flare.,D,,5B1,Propagation,Ionosphere,AP_2
2025-Full6035,The Critical Frequency,2025 Full V1.6b,2025 Full V1.6b - Propagation,A5B_2,depends on the angle of arrival of the radio wave.,relatively unaffected by solar radiation.,is always lower than the maximum usable frequency.,is always higher than the maximum usable frequency.,C,,5B2,Propagation,Ionosphere,AP_2
2025-Full6036,The mode of propagation known as NVIS is normally used for,2025 Full V1.6b,2025 Full V1.6b - Propagation,A5B_3,HF tropospheric contacts below the LUF,HF contacts over relatively short distances,VHF contacts via the E-layer of the ionosphere,VHF tropospheric contacts above the MUF,B,,5B3,Propagation,Ionosphere,AP_2
2025-Full6037,NVIS contacts are usually possible,2025 Full V1.6b,2025 Full V1.6b - Propagation,A5B_3,on the lower HF bands.,on bands above 30MHz.,only well after sunset.,only during the day.,A,,5B3,Propagation,Ionosphere,AP_2
2025-Full6039,The polarisation of HF antennas is of lesser concern than VHF and UHF antennas because,2025 Full V1.6b,2025 Full V1.6b - Propagation,A5B_4,fading can occur on both polarisations with equal probability.,the ionosphere can change the polarisation of refracted waves.,the antennas are frequently shorter than a wavelength.,both the electric and magnetic fields can induce currents in a long wire,B,,5B4,Propagation,Ionosphere,AP_2
2025-Full6040,A feature of EME propagation is,2025 Full V1.6b,2025 Full V1.6b - Propagation,A5C_3,HF typically gives better propagation than the higher amateur frequencies.,Directional antennas are an advantage but are not essential for two-way communication.,received signals are very weak and require low internal noise receivers.,the line of sight path allows relatively modest transmitter powers for successful contact.,C,,5C3,Propagation,VHF and above,AP_3
2025-Full6042,Auroral propagation,2025 Full V1.6b,2025 Full V1.6b - Propagation,A5C_3,is achieved reflecting signals off the ionisation occurring near the poles.,frequently limited to the tropics with only rare opportunities in more temperate climates.,characterised by a slow fading of signals due to upper atmospheric winds.,only possible well after sunset after the ionosphere has settled from daytime peaks.,A,,5C3,Propagation,VHF and above,AP_3
2025-Full6043,An amateur in the Orkney isles north of the Scottish mainland is in VHF contact with an amateur in Tromso in Northern Norway. There is a rapid flutter on the signal. This is typical of,2025 Full V1.6b,2025 Full V1.6b - Propagation,A5C_3,tropospheric scattering.,auroral propagation.,grey line propagation.,VHF scintillation.,B,,5C3,Propagation,VHF and above,AP_3
2025-Full6044,The rapid fluttering typical of VHF auroral contacts is caused by,2025 Full V1.6b,2025 Full V1.6b - Propagation,A5C_3,ionisation effects of a changing D layer.,the interaction between the radio waves and the charged particles which cause the aurora.,the random movements of the auroral curtains which can reflect VHF radio waves.,the normal atmospheric scintillation evident over such lengthy auroral paths.,C,,5C3,Propagation,VHF and above,AP_3
2025-Full620,The electric field strength of radio frequency electromagnetic radiation is measured in,2025 Full V1.6b,2025 Full V1.6b - Propagation,A5A_1,watts per square metre,amps per metre,volts,volts per metre,D,,5A1,Propagation,Radio propagation: key concepts,AP_1
2025-Full624,At a distance from a transmitter the power flux density (PFD) is 1W/m² and the electric field strength (FS) is approximately 20V/m. At twice that distance the PFD is,2025 Full V1.6b,2025 Full V1.6b - Propagation,A5A_1,0.25 W/m² and FS is 5V/m,0.25 W/m² and FS is 10V/m,0.5 W/m² and FS is 5V/m,0.5 W/m² and FS is 10V/m,B,,5A1,Propagation,Radio propagation: key concepts,AP_1
2025-Full627,"When travelling away from a transmitter on clear ground, it is noted that the field strength has halved. The power flux density can be expected to",2025 Full V1.6b,2025 Full V1.6b - Propagation,A5A_1,have reduced by a factor of about √2 (square root 2),have reduced to a quarter of its initial value,remain more or less constant,have halved,B,,5A1,Propagation,Radio propagation: key concepts,AP_1
2025-Full648,The Critical Frequency is the,2025 Full V1.6b,2025 Full V1.6b - Propagation,A5B_2,best frequency to use if fading and losses are to be avoided,lowest frequency not absorbed by the D-layer in the daytime,highest frequency refracted vertically back to the transmitter,highest frequency that can propagate over a given path,C,,5B2,Propagation,Ionosphere,AP_2
2025-Full650,The Critical Frequency will,2025 Full V1.6b,2025 Full V1.6b - Propagation,A5B_2,remain constant throughout the day and night,be higher or lower than the MUF depending on conditions,always be higher than the MUF,always be lower than the MUF,D,,5B2,Propagation,Ionosphere,AP_2
2025-Full652,The maximum usable frequency (MUF) undergoes both daily and annual changes. The lowest MUF over a particular path normally occurs in the,2025 Full V1.6b,2025 Full V1.6b - Propagation,A5B_2,winter at night,winter during the day,summer at night,summer during the day,A,,5B2,Propagation,Ionosphere,AP_2
2025-Full653,During the summer the,2025 Full V1.6b,2025 Full V1.6b - Propagation,A5B_2,variation of the MUF over the 24 hour cycle is a minimum,variation of the MUF over the 24 hour cycle is a maximum,critical frequency is at its maximum,critical frequency can be higher than the MUF,A,,5B2,Propagation,Ionosphere,AP_2
2025-Full7752,Which one of the items below SHOULD NOT be included when calculating a link budget?,2025 Full V1.6b,2025 Full V1.6b - Propagation,A5D_2,RF power amplifier gain.,Spreading loss.,Antenna gain.,Feeder loss.,A,,5D2,Propagation,Other features,AP_3
2025-Full7758,The polarisation of an HF antenna is less significant than VHF or UHF antennas because,2025 Full V1.6b,2025 Full V1.6b - Propagation,A5B_4,reflections off the ground close to the receiving antenna may change the polarisation.,an antenna is equally susceptible to the E or H field when less than a wavelength above the ground.,the antenna is typically shorter than the wavelength so less affected by polarisation.,the polarisation of the transmitted wave can be changed in the ionosphere.,D,,5B4,Propagation,Ionosphere,AP_2
2025-Full7802,What effect does the presence of sunspots have on HF propagation?,2025 Full V1.6b,2025 Full V1.6b - Propagation,A5B_1,Sunspots increase the level of ionisation and typically the MUF is decreased and propagation improves.,Sunspots increase the level of ionisation and typically the MUF is increased and propagation improves.,Sunspots decrease the level of ionisation and typically the MUF is decreased and propagation is poorer.,Sunspots decrease the level of ionisation and typically the MUF is increased and propagation is poorer.,B,,5B1,Propagation,Ionosphere,AP_2
2025-Full7805,The mode of propagation known as NVIS is normally used for,2025 Full V1.6b,2025 Full V1.6b - Propagation,A5B_3,HF contacts over relatively short distances.,HF tropospheric contacts below the LUF.,VHF contacts via the E-layer of the ionosphere.,VHF tropospheric contacts above the MUF.,A,,5B3,Propagation,Ionosphere,AP_2
2025-Full7810,A large solar flare will,2025 Full V1.6b,2025 Full V1.6b - Propagation,A5B_1,increase the ionisation of the F-layers so the MUF increases quite markedly and causing a considerable improvement in HF propagation.,increase the ionisation in the D-layer increasing the absorption of radio waves and increasing the LUF such that HF propagation is disrupted.,increase the number of charged particles entering the higher layers of the ionosphere ensuring improved propagation over several days,interact with the earth's magnetic field to deflect charged particles away from the lower ionospheric layers and reducing the LUF.,B,,5B1,Propagation,Ionosphere,AP_2
2025-Full7811,An ionospheric fade-out or Sudden Ionospheric Disturbance is normally caused by,2025 Full V1.6b,2025 Full V1.6b - Propagation,A5B_1,prolonged high temperatures.,a full moon.,a recent solar flare.,a sunspot minima.,C,,5B1,Propagation,Ionosphere,AP_2
2025-Full7812,The polarisation of HF antennas is less of a concern than VHF and UHF antennas because,2025 Full V1.6b,2025 Full V1.6b - Propagation,A5B_4,the ionosphere can change the polarisation of the refracted wave.,the antennas are frequently shorter than a wavelength.,both the electric and magnetic fields can induce currents in a long wire.,fading can occur on both polarisations with equal probability.,A,,5B4,Propagation,Ionosphere,AP_2
2025-Full7818,Galactic noise is,2025 Full V1.6b,2025 Full V1.6b - Propagation,A5D_1,due to scattering in the upper atmosphere of the electromagnetic waves emanating from the sun.,random noise originating outside the earth's atmosphere.,the sum total of natural noise from thunderstorms and other atmospheric phenomenon.,the random movement of charged particles caught up in the solar wind.,B,,5D1,Propagation,Other features,AP_3
2025-Full7925,"It is noticed that on 2m switching from a vertical to horizontal antenna causes a loss of signal of almost 20dB. However, on a long-distance HF contact it makes relatively little difference. This is probably because",2025 Full V1.6b,2025 Full V1.6b - Propagation,A5B_4,the polarisation changes in the ionosphere and is unlikely to be close to either vertical or horizontal on arrival at the receiving station.,the polarisation will slowly change in the troposphere to align more closely with the angle of the Earth's magnetic field.,at lower frequencies the antenna is usually less than half a wavelength above the ground and the polarisation is largely irrelevant.,the feeder can form part of the antenna system so there is both a vertical and a horizontal component which enables either polarisation to be received.,A,,5B4,Propagation,Ionosphere,AP_2
2025-Full7926,What is the basis of auroral propagation?,2025 Full V1.6b,2025 Full V1.6b - Propagation,A5C_3,Calm solar conditions.,Reflection by ionised gasses.,A near-vertical magnetic field.,A very high critical frequency.,B,,5C3,Propagation,VHF and above,AP_3
2025-Full8122,Which factor is likely to affect a UHF link budget,2025 Full V1.6b,2025 Full V1.6b - Propagation,A5D_2,Weather,Operators skill,ambient temperature,wind speed,A,,5D2,Propagation,Other features,AP_3
2025-Full8123,Which action could be employed to optimise a wireless link budget?,2025 Full V1.6b,2025 Full V1.6b - Propagation,A5D_2,Increase the AF gain at the receiving station.,Increase the AF gain at the transmitting station.,Increase the RF gain at the receiving station.,"Use short, low loss feeders at each station.",D,,5D2,Propagation,Other features,AP_3
2025-Full8037,A PC network in a house has been installed using unscreened cable rather than screened cable. A likely outcome is that,2025 Full V1.6b,2025 Full V1.6b - Electro magnetic compatibility (EMC),A6A_2,radio reception in the house will be virtually wiped out.,the network will be more vulnerable to radio transmissions.,the data rate on the network will be limited at all times.,poor matching and signal reflections may cause problems.,B,,6A2,Electro magnetic compatibility (EMC),EMC concepts,AEMC_1
2025-Full8038,Checks show that the outer braid of the TV down-lead is not continuous from the loft mounted aerial to the TV socket in the lounge. A likely effect of this is that,2025 Full V1.6b,2025 Full V1.6b - Electro magnetic compatibility (EMC),A6A_2,the signal strength at the TV input will be unduly affected by heavy rainfall.,the SWR on the downlead will be excessive causing significant reflections.,the TV is more susceptible to suffer interference from nearby transmissions.,some of the TV channels are significantly degraded but others work fine.,C,,6A2,Electro magnetic compatibility (EMC),EMC concepts,AEMC_1
2025-Full8039,To simplify the installation of an alarm system a single wire is run from the control unit through each sensor in series round the house and then back to the control unit. A risk with this approach is that,2025 Full V1.6b,2025 Full V1.6b - Electro magnetic compatibility (EMC),A6A_2,there is a high likelihood of the wiring picking up RF transmissions.,the loop will radiate RF which may interfere with TV reception.,it will be slightly harder to determine which sensor has triggered the alarm.,the loop needs to be balanced to achieve adequate immunity to RF.,A,,6A2,Electro magnetic compatibility (EMC),EMC concepts,AEMC_1
2025-Full8040,An amateur is offering a home designed transceiver for sale at an amateur rally. That means that the,2025 Full V1.6b,2025 Full V1.6b - Electro magnetic compatibility (EMC),A6A_4,purchaser must be advised to perform checks to the relevant EMC regulations.,seller is responsible for ensuring the equipment complies with the amateur licence.,equipment must be checked to the relevant EMC regulations at the time of sale.,purchaser must ensure the equipment complies with the amateur licence before use.,D,,6A4,Electro magnetic compatibility (EMC),EMC concepts,AEMC_1
2025-Full8041,The Federation of Communication Services (FCS) is responsible for,2025 Full V1.6b,2025 Full V1.6b - Electro magnetic compatibility (EMC),A6F_1,issuing guidance on the installation of radio equipment and related items in vehicles.,confirming on behalf of UK insurers that radio transmitters are suitable for installation in vehicles.,advising and arranging suitable insurance policies which cover the additional risks of mobile equipment.,advising on responsible and safe use of handheld radio equipment whilst driving a vehicle.,A,,6F1,Electro magnetic compatibility (EMC),Station design and antenna placement/mobile installations,AEMC_9
2025-Full240,The first action in dealing with an EMC complaint should be to,2025 Full V1.6b,2025 Full V1.6b - Electro magnetic compatibility (EMC),A6G_1,carry out test transmissions on all bands at maximum power,seek details of times and days that the problem occurs,cease all amateur radio activity until the problem is resolved,complete a report form and send it to the local office of Ofcom,B,,6G1,Electro magnetic compatibility (EMC),Social aspects and testing,AEMC_10
2025-Full242,"If a neighbour calls with a list of dates and times when his TV picture has appeared distorted, the first action a licensed amateur should take is to",2025 Full V1.6b,2025 Full V1.6b - Electro magnetic compatibility (EMC),A6G_1,suggest he considers changing to satellite TV,compare the list with the amateur's log if there is one,provide a braid breaking filter for the TV downlead,provide him with a copy of the official booklet 'Television and Radio Interference',B,,6G1,Electro magnetic compatibility (EMC),Social aspects and testing,AEMC_10
2025-Full243,"If a neighbour rebuffs all attempts to help resolve a problem of breakthrough on his CD player, the radio amateur should advise them to get in touch with",2025 Full V1.6b,2025 Full V1.6b - Electro magnetic compatibility (EMC),A6G_1,the Police,their legal representative,Ofcom,Citizens Advice,C,,6G1,Electro magnetic compatibility (EMC),Social aspects and testing,AEMC_10
2025-Full246,What is the best thing for you to do when a neighbour complains of interference to television reception?,2025 Full V1.6b,2025 Full V1.6b - Electro magnetic compatibility (EMC),A6G_1,Suggest that the neighbour contact Ofcom for an investigation,Contact Ofcom and ask them to investigate the complaint,Try to resolve the issue with the co-operation of the neighbour,"Ask the RSGB to liaise with the neighbour, on behalf of the amateur",C,,6G1,Electro magnetic compatibility (EMC),Social aspects and testing,AEMC_10
2025-Full249,"The installation instructions for a mobile transceiver state that the positive connection should be made direct to the car battery, via a suitable fuse. Why should the connection be direct to the battery?",2025 Full V1.6b,2025 Full V1.6b - Electro magnetic compatibility (EMC),A6F_2,Tampering with other wiring may invalidate the warranty,The extra power required could overload the car alternator,It is less likely that RF will get into other electrical items,Car wiring is not designed to have additional devices connected,C,,6F2,Electro magnetic compatibility (EMC),Station design and antenna placement/mobile installations,AEMC_9
2025-Full250,"Powering a transmitter in a car, via the cigarette lighter (accessory) socket is",2025 Full V1.6b,2025 Full V1.6b - Electro magnetic compatibility (EMC),A6F_2,a simple and safe solution for temporary installations,ill advised because the lighter socket is intended for intermittent use only,acceptable if the current required will not exceed about 5A,ill advised because of the risk of RF entering the car electronics,D,,6F2,Electro magnetic compatibility (EMC),Station design and antenna placement/mobile installations,AEMC_9
2025-Full251,The car handbook states that transmitters over 50W power must not be fitted. Why might this be?,2025 Full V1.6b,2025 Full V1.6b - Electro magnetic compatibility (EMC),A6F_2,Human RF exposure guidelines would be exceeded.,The RF field strength would cause a risk of the car electronics malfunctioning.,Transmitting near a petrol filling station could cause an explosion.,Car wiring cannot supply the considerable additional current required.,B,,6F2,Electro magnetic compatibility (EMC),Station design and antenna placement/mobile installations,AEMC_9
2025-Full253,Which of the following antenna systems is least likely to cause EMC problems?,2025 Full V1.6b,2025 Full V1.6b - Electro magnetic compatibility (EMC),A6E_3,An unbalanced antenna with balanced feeder,A balanced antenna with unbalanced feeder,A balanced antenna with balanced feeder,An unbalanced antenna with unbalanced feeder,C,,6E3,Electro magnetic compatibility (EMC),Station design and antenna placement/general principles,AEMC_8
2025-Full254,When planning a horizontal dipole antenna system you should ensure that,2025 Full V1.6b,2025 Full V1.6b - Electro magnetic compatibility (EMC),A6E_3,the feeder is insulated from the antenna,the feeder falls away from the antenna vertically,coaxial feeder is connected directly to the antenna,balanced feeder is horizontal,B,,6E3,Electro magnetic compatibility (EMC),Station design and antenna placement/general principles,AEMC_8
2025-Full256,A station on the 144 to 145MHz band has an ERP of 25W. What is the RF field strength at a distance of 50m from the antenna?,2025 Full V1.6b,2025 Full V1.6b - Electro magnetic compatibility (EMC),A6E_1,0.7V/m,0.7W/m,3.5W/m,3.5V/m,A,,6E1,Electro magnetic compatibility (EMC),Station design and antenna placement/general principles,AEMC_7
2025-Full257,"On 433.5MHz with an ERP of 225W, what is the RF field strength at a distance of 50m from the antenna?",2025 Full V1.6b,2025 Full V1.6b - Electro magnetic compatibility (EMC),A6E_1,31.5W/m,2.1V/m,31.5V/m,2.1W/m,B,,6E1,Electro magnetic compatibility (EMC),Station design and antenna placement/general principles,AEMC_7
2025-Full263,"If a domestic TV is suffering interference from a nearby VHF amateur station, which of the following filters inserted in the TV down lead would improve its EMC immunity",2025 Full V1.6b,2025 Full V1.6b - Electro magnetic compatibility (EMC),A6D_1,300MHz notch filter,400MHz low pass filter,400MHz high pass filter,30-300MHz band pass filter,C,,6D1,Electro magnetic compatibility (EMC),Filtering and remedial measures,AEMC_5
2025-Full264,A 400-800MHz band pass filter inserted in a TV downlead will improve the EMC immunity by attenuating signals,2025 Full V1.6b,2025 Full V1.6b - Electro magnetic compatibility (EMC),A6D_1,between 400MHz and 800MHz,below 400MHz and above 800MHz,picked up on the TV antenna itself,picked up on the braid of the downlead,B,,6D1,Electro magnetic compatibility (EMC),Filtering and remedial measures,AEMC_5
2025-Full267,Which of the following could be used to attenuate a specific unwanted frequency?,2025 Full V1.6b,2025 Full V1.6b - Electro magnetic compatibility (EMC),A6D_1,An open circuit quarter wave coaxial stub,A very narrow band pass filter,An open circuit half-wave coaxial stub,A very broad band pass filter,A,,6D1,Electro magnetic compatibility (EMC),Filtering and remedial measures,AEMC_5
2025-Full277,Ferrite beads are often slipped onto internal DC supply leads in order to,2025 Full V1.6b,2025 Full V1.6b - Electro magnetic compatibility (EMC),A6D_1,provide screening from any RF stray radiation,reduce cable losses,attenuate RF on the leads,concentrate the magnetic field around the leads,C,,6D1,Electro magnetic compatibility (EMC),Filtering and remedial measures,AEMC_5
2025-Full284,Winding two-core power supply cables around ferrite rings reduces EMC problems because,2025 Full V1.6b,2025 Full V1.6b - Electro magnetic compatibility (EMC),A6D_1,the braid in the cable acts as a screen to the external environment,using two-core cable maintains the balance feed,the ferrite ring will minimise any RF energy passing the ring,"the polarity of the ferrite molecules is reverse biased, blocking any RF",C,,6D1,Electro magnetic compatibility (EMC),Filtering and remedial measures,AEMC_5
2025-Full293,A mains filter suitable for use in an amateur transmitting station should be designed to,2025 Full V1.6b,2025 Full V1.6b - Electro magnetic compatibility (EMC),A6D_2,minimise any RF from the transmitter entering the mains supply,prevent mains 'spikes' from damaging the transmitter power supply,attenuate harmonic radiation being picked up on the mains supply cables,act as a high pass filter for RF transmitted along the mains supply cables,A,,6D2,Electro magnetic compatibility (EMC),Filtering and remedial measures,AEMC_6
2025-Full298,Which one of the following would be used to reduce RF energy from a transmitter entering the public mains supply?,2025 Full V1.6b,2025 Full V1.6b - Electro magnetic compatibility (EMC),A6D_2,A long mains flexible cord,An isolated mains transformer,A common earth lead,A filter on transmitter mains supply leads,D,,6D2,Electro magnetic compatibility (EMC),Filtering and remedial measures,AEMC_6
2025-Full316,Which of the following precautions is likely to reduce passive inter-modulation products?,2025 Full V1.6b,2025 Full V1.6b - Electro magnetic compatibility (EMC),A6B_3,Using a band pass filter on your transmitter,Using a low pass filter on your transmitter,Ensuring joints in metal work near the antenna are well bonded,Using a high pass filter on your transmitter,C,,6B3,Electro magnetic compatibility (EMC),Sources of interference and their effects,AEMC_2
2025-Full317,"Which of the following are likely to reduce the generation of passive inter-modulation products at your station?

1. Including a low pass filter (LPF) in your station.
2. Including a high pass filter (HPF) in your station.
3. Ensuring all antenna joints and connections are clean and not corroded.
4. Changing old metal guttering for plastic guttering.",2025 Full V1.6b,2025 Full V1.6b - Electro magnetic compatibility (EMC),A6B_3,1 and 3.,1 and 2.,3 and 4.,2 and 4.,C,,6B3,Electro magnetic compatibility (EMC),Sources of interference and their effects,AEMC_2
2025-Full320,Which of the following signals may be generated by corroded contacts on an antenna?,2025 Full V1.6b,2025 Full V1.6b - Electro magnetic compatibility (EMC),A6B_3,Harmonics of the receiver IF,Passive inter-modulation products,First harmonics of the transmitter frequency,Second channel interference,B,,6B3,Electro magnetic compatibility (EMC),Sources of interference and their effects,AEMC_2
2025-Full342,Passive Inter-modulation Products are often caused by,2025 Full V1.6b,2025 Full V1.6b - Electro magnetic compatibility (EMC),A6B_3,corroded junctions on an antenna,over modulation,lack of a low pass filter (LPF),lack of a high pass filter (HPF),A,,6B3,Electro magnetic compatibility (EMC),Sources of interference and their effects,AEMC_2
2025-Full343,The PN junction in a semiconductor device can be the cause of breakthrough problems by,2025 Full V1.6b,2025 Full V1.6b - Electro magnetic compatibility (EMC),A6C_1,generating odd harmonics.,rectifying the interfering signal.,causing overheating.,changing the frequency of the signal.,B,,6C1,Electro magnetic compatibility (EMC),Routes of entry,AEMC_3
2025-Full345,Unwanted RF can cause problems in semiconductor equipment by,2025 Full V1.6b,2025 Full V1.6b - Electro magnetic compatibility (EMC),A6C_1,overheating the components,reducing the gain,overloading the power supply,rectification at PN junctions,D,,6C1,Electro magnetic compatibility (EMC),Routes of entry,AEMC_3
2025-Full346,The easiest way to determine if breakthrough to a receiver is caused by pick up on its loudspeaker leads is to see whether the problem still exists when the,2025 Full V1.6b,2025 Full V1.6b - Electro magnetic compatibility (EMC),A6C_1,receiver is tuned to another channel,aerial is disconnected,receiver is rotated through 180 degrees,volume control is turned right down,D,,6C1,Electro magnetic compatibility (EMC),Routes of entry,AEMC_3
2025-Full355,Masthead pre-amplifiers used in broadcast TV reception systems can suffer from,2025 Full V1.6b,2025 Full V1.6b - Electro magnetic compatibility (EMC),A6C_2,cross-modulation and overload,cross-modulation and parasitic oscillation,over-modulation and overload,over-modulation and parasitic oscillation,A,,6C2,Electro magnetic compatibility (EMC),Routes of entry,AEMC_3
2025-Full356,Masthead pre-amplifiers intended to improve analogue TV broadcast reception can reduce immunity to amateur transmissions because they amplify,2025 Full V1.6b,2025 Full V1.6b - Electro magnetic compatibility (EMC),A6C_2,a wide band of radio frequencies,at the antenna rather than at the TV antenna socket,all frequencies,the TV signal,A,,6C2,Electro magnetic compatibility (EMC),Routes of entry,AEMC_3
2025-Full357,If an amateur's HF transmission enters a TV system via a masthead pre-amplifier the breakthrough is likely to be caused by,2025 Full V1.6b,2025 Full V1.6b - Electro magnetic compatibility (EMC),A6C_2,cross-modulation in the masthead pre- amplifier,harmonics of the amateur transmission,unwanted mixer products in the TV receiver,unwanted mixer products in the masthead pre-amplifier,A,,6C2,Electro magnetic compatibility (EMC),Routes of entry,AEMC_3
2025-Full358,Cross modulation in a broadcast TV receiver system is most likely to be caused by,2025 Full V1.6b,2025 Full V1.6b - Electro magnetic compatibility (EMC),A6C_2,use of a directional antenna,use of a masthead pre-amplifier,harmonics from an amateur HF transmission,direct pick-up of wide band noise,B,,6C2,Electro magnetic compatibility (EMC),Routes of entry,AEMC_3
2025-Full360,'Blocking' is an effect associated with,2025 Full V1.6b,2025 Full V1.6b - Electro magnetic compatibility (EMC),A6C_2,strong signals on other frequencies.,distortion in an RF power amplifier stage.,poor frequency stability in the master oscillator.,transmit/receive switching in a transceiver.,A,,6C2,Electro magnetic compatibility (EMC),Routes of entry,AEMC_3
2025-Full362,The form of breakthrough known as 'desensitisation' in a receiver occurs when,2025 Full V1.6b,2025 Full V1.6b - Electro magnetic compatibility (EMC),A6B_2,the local oscillator is unstable,an FM transmission is over-deviated,the ground and ionospheric waves interact,a strong unwanted signal reduces the gain,D,,6B2,Electro magnetic compatibility (EMC),Sources of interference and their effects,AEMC_2
2025-Full363,"If the gain of a receiver varies in time with the audio of an unwanted SSB signal, the problem is known as",2025 Full V1.6b,2025 Full V1.6b - Electro magnetic compatibility (EMC),A6B_2,fading,cross modulation,second channel,splatter,B,,6B2,Electro magnetic compatibility (EMC),Sources of interference and their effects,AEMC_2
2025-Full364,"If an FM transmission causes the picture of a TV receiver to disappear, this form of breakthrough is called",2025 Full V1.6b,2025 Full V1.6b - Electro magnetic compatibility (EMC),A6B_2,image,blocking,under deviation,cross modulation,B,,6B2,Electro magnetic compatibility (EMC),Sources of interference and their effects,AEMC_2
2025-Full367,Receiver blocking or desensitising may be caused by,2025 Full V1.6b,2025 Full V1.6b - Electro magnetic compatibility (EMC),A6B_2,incorrect adjustment of the volume control,"strong RF signals, on a nearby frequency to the one tuned",lowering the height of the antenna,not correctly adjusting the squelch or mute control,B,,6B2,Electro magnetic compatibility (EMC),Sources of interference and their effects,AEMC_2
2025-Full3677,A medium wave domestic receiver is experiencing an interference that sounds a bit like someone talking although no actual words can be heard. It is likely that the receiver is suffering from,2025 Full V1.6b,2025 Full V1.6b - Electro magnetic compatibility (EMC),A6B_2,cross-modulation from a nearby FM transmission,harmonics from a nearby FM transmission,harmonics from a nearby AM or SSB transmission,cross-modulation from a nearby AM or SSB transmission,D,,6B2,Electro magnetic compatibility (EMC),Sources of interference and their effects,AEMC_2
2025-Full3678,The circuit shown is that of a,2025 Full V1.6b,2025 Full V1.6b - Electro magnetic compatibility (EMC),A6D_2,pi-network,mains filter,high-pass filter,phase shift network,B,2025-Full3678.svg,6D2,Electro magnetic compatibility (EMC),Filtering and remedial measures,AEMC_6
2025-Full369,UK TV broadcast stations use the frequency band,2025 Full V1.6b,2025 Full V1.6b - Electro magnetic compatibility (EMC),A6C_3,455-500kHz,33-40MHz,1240-1260MHz,470-694MHz,D,,6C3,Electro magnetic compatibility (EMC),Routes of entry,AEMC_4
2025-Full370,The Intermediate Frequency of a medium wave broadcast radio receiver is likely to be between,2025 Full V1.6b,2025 Full V1.6b - Electro magnetic compatibility (EMC),A6C_3,470-854MHz,33-40MHz,1240-1260MHz,455-500kHz,D,,6C3,Electro magnetic compatibility (EMC),Routes of entry,AEMC_4
2025-Full373,Image interference is the likely cause of interference from,2025 Full V1.6b,2025 Full V1.6b - Electro magnetic compatibility (EMC),A6C_3,an amateur transmission in the 1.8MHz band to a Medium Wave receiver,a VHF broadcast transmitter to the 144MHz amateur band,an amateur transmission in the 144MHz band to a broadcast receiver tuned to a station on 92.3MHz,a Medium Wave broadcast transmitter to the 1.8MHz amateur band,A,,6C3,Electro magnetic compatibility (EMC),Routes of entry,AEMC_4
2025-Full3803,What is the main reason for setting the transmit power to the minimum required to maintain contact?,2025 Full V1.6b,2025 Full V1.6b - Electro magnetic compatibility (EMC),A6E_1,Reduce the area over which other amateurs will suffer blocking.,Minimise the likelihood of causing interference to other electronic devices.,Optimise the signal level into the distant demodulator for clear readability.,Avoid running the final amplifier near the limit of its specification.,B,,6E1,Electro magnetic compatibility (EMC),Station design and antenna placement/general principles,AEMC_7
2025-Full3804,Your contact reports your signals as 40 over 9. It is advisable to,2025 Full V1.6b,2025 Full V1.6b - Electro magnetic compatibility (EMC),A6E_1,reduce the transmit power until a report between 7 and 9 is given.,see if the DX cluster is reporting good propagation to that location.,say what power you are running and ask what power he is running to you.,record the signal level in your log for future reference.,A,,6E1,Electro magnetic compatibility (EMC),Station design and antenna placement/general principles,AEMC_7
2025-Full3805,Why is it recommended that your transmit power is reduced to no more that that required to maintain the contact?,2025 Full V1.6b,2025 Full V1.6b - Electro magnetic compatibility (EMC),A6E_1,It is a mandatory condition of the Full Licence.,It reduces the probability of causing interference to nearby electronic devices.,More amateur contacts can be achieved without mutual interference.,It allows the transmitter to run a higher duty cycle without overheating.,B,,6E1,Electro magnetic compatibility (EMC),Station design and antenna placement/general principles,AEMC_7
2025-Full3826,Which of the following features of many domestic television mast-head amplifiers makes them particularly susceptible to suffer cross-modulation and overload from high-power amateur transmissions?,2025 Full V1.6b,2025 Full V1.6b - Electro magnetic compatibility (EMC),A6C_2,Often they lack the benefits of a metal screen to protect them from amateur signals.,They are sometimes installed near the television at the end of a long feeder run,They are wide-band devices which amplify TV signals and some others,They are often located at similar heights to amateur radio antennas,C,,6C2,Electro magnetic compatibility (EMC),Routes of entry,AEMC_3
2025-Full388,Signals from a transmitter working on 3.56MHz are reported as causing interference over the whole of the FM broadcast radio band. This is probably caused by a harmonic of the RF signal getting into the,2025 Full V1.6b,2025 Full V1.6b - Electro magnetic compatibility (EMC),A6C_3,10.7MHz IF amplifier,RF amplifier,power supply,AF amplifier,A,,6C3,Electro magnetic compatibility (EMC),Routes of entry,AEMC_4
2025-Full3930,What Electromagnetic (EMC) safety precautions are essential when installing amateur radio equipment in a motor vehicle?,2025 Full V1.6b,2025 Full V1.6b - Electro magnetic compatibility (EMC),A6F_2,Connection of the radio DC supply directly to the battery with suitably rated fuses in both the positive and negative wires,Testing to prove the absence of interference between the radio equipment and any of the vehicle's electronic systems,Confirmation that the grounding of the feeder screen to the vehicle body at the aerial is being properly achieved,"Listening to the radio receiver whilst the engine, heater and wiper motor are running to assess how well the suppression of electrical noise produced by the vehicle is being achieved",B,,6F2,Electro magnetic compatibility (EMC),Station design and antenna placement/mobile installations,AEMC_9
2025-Full3960,Interference to a mains powered domestic FM radio receiver appears to be independent of the exact frequency to which the receiver is tuned but is only heard when the receiver is tuned to a broadcast signal. A reasonable conclusion is that the interfering signal is,2025 Full V1.6b,2025 Full V1.6b - Electro magnetic compatibility (EMC),A6C_3,being picked up in the IF stages of the receiver,getting into the audio stages of the receiver,on a sub-harmonic of the receiver frequency,on a harmonic of the receiver frequency,A,,6C3,Electro magnetic compatibility (EMC),Routes of entry,AEMC_4
2025-Full3995,A local VHF paging transmitter in the 160MHz band is occasionally breaking in to a fairly weak broadcast VHF FM signal. It is decided to try using a filter on the aerial lead to the VHF FM receiver. Which filter will be most suitable?,2025 Full V1.6b,2025 Full V1.6b - Electro magnetic compatibility (EMC),A6D_1,A high pass filter with a cut off frequency just below 160MHz,A high pass filter with a cut off frequency just above 108MHz,A low pass filter with a cut off frequency just above 108MHz,A low pass filter with a cut off frequency just below 160MHz,C,,6D1,Electro magnetic compatibility (EMC),Filtering and remedial measures,AEMC_5
2025-Full4064,A domestic VHF FM radio receiver is noticeably more sensitive to interference from a neighbour's HF transmitter when on the 3.5MHz band than on other HF bands. This is likely to be due to,2025 Full V1.6b,2025 Full V1.6b - Electro magnetic compatibility (EMC),A6C_3,the polar diagram of the amateur antenna having a lobe in the direction of the VHF radio,a harmonic of the transmission getting into receiver IF stages,the dimensions of the receiver being such that direct pick-up is more efficient,the house mains wiring being resonant at that frequency,B,,6C3,Electro magnetic compatibility (EMC),Routes of entry,AEMC_4
2025-Full4065,An EMC consideration when planning an end-fed antenna rather than a dipole or a centre-fed antenna is that,2025 Full V1.6b,2025 Full V1.6b - Electro magnetic compatibility (EMC),A6E_3,the high voltage point will be closer to your house rather than any neighbour's property,the feed point is closer to the house thereby limiting feeder radiation from the high voltage point,an end-fed antenna can give rise to RF currents in the earth connection to the transmitter,the mains earth provides a suitable and safe route for any residual RF,C,,6E3,Electro magnetic compatibility (EMC),Station design and antenna placement/general principles,AEMC_8
2025-Full4086,A mains filter suitable for use on a mains powered HF transmitter will be of a,2025 Full V1.6b,2025 Full V1.6b - Electro magnetic compatibility (EMC),A6D_2,low pass design including the earth lead in the filtering action,high pass design including the earth lead in the filtering action,low pass design maintaining a solid unfiltered earth continuity,high pass design maintaining a solid unfiltered earth continuity,A,,6D2,Electro magnetic compatibility (EMC),Filtering and remedial measures,AEMC_6
2025-Full6046,An alarm system meets the various standards including EMC. However it is found to react to a neighbour's radio transmissions on several HF bands. Why might that be?,2025 Full V1.6b,2025 Full V1.6b - Electro magnetic compatibility (EMC),A6A_2,The alarm is good but it has been installed poorly with many unscreened wires.,It is more than 12 months old and the guarantee has expired.,The transmissions happen to be on the image frequency of the alarm.,The pickup on the alarm wires is differential mode interference.,A,,6A2,Electro magnetic compatibility (EMC),EMC concepts,AEMC_1
2025-Full6048,What standards are home designed amateur transmitters expected to comply with?,2025 Full V1.6b,2025 Full V1.6b - Electro magnetic compatibility (EMC),A6A_4,The standards set out in the licence document.,The same standards as commercial radio equipment.,The standards needed to avoid any interference to other electronic equipment.,The standards needed to avoid any interference to other radio equipment.,A,,6A4,Electro magnetic compatibility (EMC),EMC concepts,AEMC_1
2025-Full6049,If a commercial transceiver is modified to operate on amateur bands the equipment must then comply with,2025 Full V1.6b,2025 Full V1.6b - Electro magnetic compatibility (EMC),A6A_4,the current European standards applicable to amateur radio for manufacture or import.,"the same standards, except frequency range, as it was certified to during manufacture.",the European standards applicable to amateur radio at the time of manufacture or import.,the standards applicable to amateur radio as defined in the amateur radio licence.,D,,6A4,Electro magnetic compatibility (EMC),EMC concepts,AEMC_1
2025-Full6050,"It is noticed that when a clock radio and a mobile phone are placed on the same bedside cabinet, there are regular bursts of noise from the clock radio. This is",2025 Full V1.6b,2025 Full V1.6b - Electro magnetic compatibility (EMC),A6B_1,suggesting that the mobile phone may be transmitting above its prescribed maximum power level.,probably because once of the devices was manufactured outside Europe to different standards.,"to be expected, the EMC regulation limits do not remove all possibility of interference.",indicative of inadequate immunity in the design or manufacture of the clock radio.,C,,6B1,Electro magnetic compatibility (EMC),Sources of interference and their effects,AEMC_2
2025-Full6051,An amateur is dealing with a complaint from a neighbour but the timing of the complaint does not coincide with her times of operating. Further investigation suggests the times coincide with the time of arrival home from school. A new avenue of investigation should be,2025 Full V1.6b,2025 Full V1.6b - Electro magnetic compatibility (EMC),A6B_1,asking the complainant to keep a log of both times and the nature of the interference with any observations of local activities.,checking if there are any radio controlled children's toys in use nearby since these are often sourced on-line from outside the UK.,checking with the nearby school to see if their wireless-LAN is being used by after-school activities,checking if there is a surge in use of mobile telephones and if any of them are suspect.,B,,6B1,Electro magnetic compatibility (EMC),Sources of interference and their effects,AEMC_2
2025-Full6052,An amateur has modified a CB antenna to form a good quarter wave vertical on the ten metre band. The vertical is mounted on the roof of the conservatory which is on the back of the house. The amateur should,2025 Full V1.6b,2025 Full V1.6b - Electro magnetic compatibility (EMC),A6E_2,record the change of antenna arrangements in a log including tests of the SWR at different frequencies so any changes in SWR are readily noticed.,transfer the earth lead in the transmitter power cable to the braid of the feeder ensuring there is a continuous screen through any plugs and sockets.,ensure the connection from the transmitter to the mains safety earth is in good order and the supply to the power supply is correctly fused.,ensure there is a good RF earth as close to the antenna as possible connected to the braid of the coax feeder and any radials associated with the antenna.,D,,6E2,Electro magnetic compatibility (EMC),Station design and antenna placement/general principles,AEMC_8
2025-Full6053,A quarter wave vertical antenna installed without an RF earth and connected to a transmitter is likely to cause?,2025 Full V1.6b,2025 Full V1.6b - Electro magnetic compatibility (EMC),A6E_2,excessive noise on receive resulting in an inability to receive weaker signals.,RF currents in the mains earth and power leads.,difficulty in getting a low SWR on the feeder to the antenna.,frequency instability due to RF getting into other sections of the transmitter circuitry.,B,,6E2,Electro magnetic compatibility (EMC),Station design and antenna placement/general principles,AEMC_8
2025-Full6078,If a neighbour complains that you are causing them interference then you should,2025 Full V1.6b,2025 Full V1.6b - Electro magnetic compatibility (EMC),A6G_1,ask if you can conduct tests with them to identify the actual cause of the problem.,advise them to contact Ofcom for assistance as they are best placed to solve the problem.,suggest that it could be a fault or corrosion in theirantennasystem.,commiserate with their predicament but show that you are licenced to transmit.,A,,6G1,Electro magnetic compatibility (EMC),Social aspects and testing,AEMC_10
2025-Full6079,When installing amateur radio equipment in a vehicle,2025 Full V1.6b,2025 Full V1.6b - Electro magnetic compatibility (EMC),A6F_2,"the new power, control and RF cables should be kept away from existing car wiring and ideally only cross at right angles.",the power cables should both be connected directly to the vehicle battery with a fuse in both positive and negative wires.,"the power should be obtained from an existing circuit, preferably one that is only live when the engine is running.",the cigarette lighter socket is ideal for transmit powers below 50W and can quickly and easily be disconnected.,A,,6F2,Electro magnetic compatibility (EMC),Station design and antenna placement/mobile installations,AEMC_9
2025-Full708,Cross modulation is an effect that occurs when,2025 Full V1.6b,2025 Full V1.6b - Electro magnetic compatibility (EMC),A6B_2,the receiver has inadequate rejection on its image frequency.,strong RF signals enter the RF stage of a receiver causing non-linearity.,both the wanted signal and the local oscillator signal are modulated.,different signals are present on the two sidebands of an AM transmission.,B,,6B2,Electro magnetic compatibility (EMC),Sources of interference and their effects,AEMC_2
2025-Full733,"A 2 metre amateur transceiver is operated in a room containing a television, a music centre, a lap-top computer and a mechanical central heating thermostat. The transceiver antenna is a dipole temporarily hung in the room. Which item is LEAST likely to be affected?",2025 Full V1.6b,2025 Full V1.6b - Electro magnetic compatibility (EMC),A6C_1,Television,Central heating thermostat,Music centre,Lap-top computer,B,,6C1,Electro magnetic compatibility (EMC),Routes of entry,AEMC_3
2025-Full734,Which mode of transmission is most likely to result in the Amateurs voice being heard on a neighbour's audio hi-fi system?,2025 Full V1.6b,2025 Full V1.6b - Electro magnetic compatibility (EMC),A6C_1,Frequency modulated speech,Morse code,Single sideband,Frequency shift keying of data,C,,6C1,Electro magnetic compatibility (EMC),Routes of entry,AEMC_3
2025-Full735,"When an amateur station is operated on 14MHz SSB a nearby television receiver produces an audio output, the level of which is not affected by the volume control setting. Where is the most probable point of entry of the signal?",2025 Full V1.6b,2025 Full V1.6b - Electro magnetic compatibility (EMC),A6C_1,Sound IF amplifier,Mixer stage,Sound demodulator,Audio amplifier,D,,6C1,Electro magnetic compatibility (EMC),Routes of entry,AEMC_3
2025-Full7711,Radio amateurs,2025 Full V1.6b,2025 Full V1.6b - Electro magnetic compatibility (EMC),A6A_4,are required to demonstrate compliance with EMC standards for equipment they put into service and are also responsible for complying with licence requirements regarding interference.,are not required to demonstrate compliance with EMC standards for equipment they put into service but remain responsible for complying with licence requirements regarding interference.,may be required by Ofcom to demonstrate compliance with EMC standards for equipment they put into service.,are required by Ofcom to ensure they test for compliance with EMC standards for equipment they put into service.,B,,6A4,Electro magnetic compatibility (EMC),EMC concepts,AEMC_1
2025-Full7712,Advice for radio amateurs on mobile installations is in the,2025 Full V1.6b,2025 Full V1.6b - Electro magnetic compatibility (EMC),A6F_1,Post Office Communication Services UK Code of Practice for the installation of mobile radio and related ancillary equipment in land-based vehicles.,Ofcom's UK Code of Practice for the installation of mobile radio and related ancillary equipment in land-based vehicles.,Federation of Communication Services UK Code of Practice for the installation of mobile radio and related ancillary equipment in land-based vehicles.,Federation of Communication Services UK Code of Practice for the installation of mobile radio and related ancillary equipment in aircraft.,C,,6F1,Electro magnetic compatibility (EMC),Station design and antenna placement/mobile installations,AEMC_9
2025-Full7754,The Federation of Communication Services issues a Code of Practice which gives,2025 Full V1.6b,2025 Full V1.6b - Electro magnetic compatibility (EMC),A6F_1,guidance on the installation of radio equipment in vehicles.,guidance on the installation of radio equipment in inland vessels.,lightning protection precautions on commercial and amateur radio stations.,earthing requirements for stations fed with a PME electricity supply.,A,,6F1,Electro magnetic compatibility (EMC),Station design and antenna placement/mobile installations,AEMC_9
2025-Full7755,Which UK body provides guidance on installing radio equipment in vehicles?,2025 Full V1.6b,2025 Full V1.6b - Electro magnetic compatibility (EMC),A6F_1,Ofcom.,Federation of Communication Services.,Department for Transport.,Trading and Environmental Standards.,B,,6F1,Electro magnetic compatibility (EMC),Station design and antenna placement/mobile installations,AEMC_9
2025-Full7820,"A neighbour has a new TV installed. They are suffering occasional instances of interference, possibly RF. It would be sensible to check if the",2025 Full V1.6b,2025 Full V1.6b - Electro magnetic compatibility (EMC),A6A_2,mains voltage to the premises is below the required level.,aerial and its downlead may have deteriorated since they were installed.,affected premises does not have a suitable RF earth system.,television has the latest firmware programming installed.,B,,6A2,Electro magnetic compatibility (EMC),EMC concepts,AEMC_1
2025-Full7824,An amateur has a quarter wave vertical on the ten metre band. The vertical is mounted on the roof of the conservatory. The amateur should,2025 Full V1.6b,2025 Full V1.6b - Electro magnetic compatibility (EMC),A6E_2,ensure there is a good RF earth as close to the antenna as possible connected to the braid of the coax and any radials associated with the antenna.,ensure the connection from the transmitter to the mains safety earth is in good order and the supply to the power supply is correctly fused.,transfer the earth lead in the transmitter power cable to the braid of the feeder ensuring there is a continuous screen through any plugs and sockets.,record the change in the Log including tests of the SWR at different frequencies so any changes in SWR are readily noticed.,A,,6E2,Electro magnetic compatibility (EMC),Station design and antenna placement/general principles,AEMC_8
2025-Full7825,The most significant EMC risk in using a quarter wave vertical antenna without an RF earth is,2025 Full V1.6b,2025 Full V1.6b - Electro magnetic compatibility (EMC),A6E_2,difficulty in getting a low SWR on the feeder to the antenna.,RF currents in the mains earth and power leads.,frequency instability due to RF getting into other sections of the transmitter circuitry.,excessive noise on receive resulting in an inability to receiver weaker signals.,B,,6E2,Electro magnetic compatibility (EMC),Station design and antenna placement/general principles,AEMC_8
2025-Full7931,A home made transceiver must comply with the,2025 Full V1.6b,2025 Full V1.6b - Electro magnetic compatibility (EMC),A6A_4,EU Radio Equipment Directive 2014/53/EU.,EU Electro-Magnetic Compatibility Directive 2014/30/EU.,UK Radio Equipment Regulations 1206/2017.,Amateur Radio Wireless Telegraphy Licence Conditions Booklet.,D,,6A4,Electro magnetic compatibility (EMC),EMC concepts,AEMC_1
2025-Full7936,Where might one of the devices shown be used?,2025 Full V1.6b,2025 Full V1.6b - Electro magnetic compatibility (EMC),A6D_2,Inside an electric drill.,On a transmitter output.,In a TV mains lead.,In a TV aerial lead.,D,2025-Full7936.png,6D2,Electro magnetic compatibility (EMC),Filtering and remedial measures,AEMC_6
2025-Full7943,General guidance on fitting transmitting equipment in vehicles can be found in the,2025 Full V1.6b,2025 Full V1.6b - Electro magnetic compatibility (EMC),A6F_1,Construction and Use guidance provided by Driver and Vehicle Licensing Agency.,Regulations issued by the UK Department for Transport.,Guidance Notes issued by the Association of British Vehicle Insurers.,Code of Practice issued by the Federation of Communication Services.,D,,6F1,Electro magnetic compatibility (EMC),Station design and antenna placement/mobile installations,AEMC_9
2025-Full8042,What does operating split mean?,2025 Full V1.6b,2025 Full V1.6b - Operating Practices and Procedures,A7A_1,A station is listening on a frequency a few kHz away from the one it is transmitting on.,"There are two stations, both using the same club callsign sharing the workload.","There are two stations, both using the same club callsign but on different bands.",Reception and transmission are in different amateur bands to allow a full duplex contact.,A,,7A1,Operating practices and procedures,Good operating practices and procedures,AOPP_1
2025-Full8043,Your SSB contact on 7.063MHz is in the SSB segment of the band plan but is constantly interrupted by a CW contact from two stations in a different ITU Region. That may be because,2025 Full V1.6b,2025 Full V1.6b - Operating Practices and Procedures,A7B_2,the amateurs in CW contact are breaching their licence conditions.,propagation from a station in local night-time is enhanced over a day-time station.,your SSB contact is lost in the noise since it occupies a wider bandwidth.,the band plans in other countries may not align with the UK plan.,D,,7B2,Operating practices and procedures,Band plans,AOPP_2
2025-Full8052,"Many UK amateurs can be heard contacting a station in a country with which communications is normally possible. However, you cannot hear the distant station. A reason for this may be that",2025 Full V1.6b,2025 Full V1.6b - Operating Practices and Procedures,A7A_1,the station concerned is slightly further away than the skip distance.,trans-equatorial paths are not normally bi-directional.,the VFO of the distant station is unstable.,the distant station is transmitting on a slightly different frequency from those calling.,D,,7A1,Operating practices and procedures,Good operating practices and procedures,AOPP_1
2025-Full8083,When on a ship in international waters between Australia and New Zealand the frequencies allocated to amateur radio may be found in,2025 Full V1.6b,2025 Full V1.6b - Operating Practices and Procedures,A7H_2,The Schedule to the UK licence.,The ITU Radio Regulations for Region 2.,The ITU Radio Regulations for Region 3.,The Schedule to the Australian licence.,C,,7H2,Operating practices and procedures,CEPT and international,AOPP_2
2025-Full8084,The American continent is classified as,2025 Full V1.6b,2025 Full V1.6b - Operating Practices and Procedures,A7H_2,ITU Region 1.,ITU Region 2.,ITU Region 3.,ITU Region 4.,B,,7H2,Operating practices and procedures,CEPT and international,AOPP_2
2025-Full8085,The ITU Radio Regulations,2025 Full V1.6b,2025 Full V1.6b - Operating Practices and Procedures,A7H_2,contain the frequencies allocated to amateur radio in different parts of the world.,specify the power limits that should be applied to amateur licences.,give guidance on EMC considerations between the amateur service and other radio users.,publish the research on the effect of radio frequency radiation on the human body.,A,,7H2,Operating practices and procedures,CEPT and international,AOPP_2
2025-Full3764,You decide to take your amateur radio equipment with you on a round the world cruise. To know which frequencies you can use in international waters you should refer to,2025 Full V1.6b,2025 Full V1.6b - Operating Practices and Procedures,A7H_2,the ITU radio regulations for the ITU region that the vessel is currently located.,your UK licence schedule.,the radio frequency regulator in the next country that the vessel will visit.,the CEPT list.,A,,7H2,Operating practices and procedures,CEPT and international,AOPP_2
2025-Full3855,"An amateur holding the callsign M0XYZ has permanently moved to Portugal, which has implemented CEPT Recommendation T/R 61-01. M0XYZ can",2025 Full V1.6b,2025 Full V1.6b - Operating Practices and Procedures,A7H_1,operate under the CEPT agreement using the call CT/M0XYZ/P.,not operate as M0XYZ under the CEPT agreement.,operate under the CEPT agreement using the call CT/M0XYZ.,operate under the CEPT agreement using the call M0XYZ.,B,,7H1,Operating practices and procedures,CEPT and international,AOPP_2
2025-Full3856,"An amateur holding the callsign MJ0JKL has permanently moved to Italy, which has implemented CEPT Recommendation T/R 61-01. MJ0JKL can",2025 Full V1.6b,2025 Full V1.6b - Operating Practices and Procedures,A7H_1,operate under the CEPT agreement using the call I/M0JKL.,not operate as M0JKL under the CEPT agreement.,operate under the CEPT agreement using the call I/MJ0JKL.,operate under the CEPT agreement using the call I/MJ0JKL/P.,B,,7H1,Operating practices and procedures,CEPT and international,AOPP_2
2025-Full3857,"If operating in Switzerland under a reciprocal licence, operation must comply with",2025 Full V1.6b,2025 Full V1.6b - Operating Practices and Procedures,A7H_1,the rules of the European Broadcasting Union,your UK licence conditions,CEPT Recommendation T/R 61-01,the rules of the Swiss radio regulation authorities,D,,7H1,Operating practices and procedures,CEPT and international,AOPP_2
2025-Full41,Which frequencies are available to a UK full licensed station on a vessel in international waters?,2025 Full V1.6b,2025 Full V1.6b - Operating Practices and Procedures,A7H_2,Those granted to the Licensee by the UK Licence,Those appropriate to the ITU region where the vessel is located,The CW portion of all bands,Only the band 28.0 to 29.7MHz,B,,7H2,Operating practices and procedures,CEPT and international,AOPP_2
2025-Full6068,"When planning an international event using only set segments of the amateur bands, to minimise disruption to normal amateur activity you should remember that",2025 Full V1.6b,2025 Full V1.6b - Operating Practices and Procedures,A7B_2,the band plans in other countries may not align with the UK band plans.,not all countries allow operation under supervision to facilitate keeping to one call sign.,the permitted power levels vary widely resulting in unfair advantages.,the local time and day/night propagation conditions vary county by country.,A,,7B2,Operating practices and procedures,Band plans,AOPP_2
2025-Full6070,Beacons in the 5MHz band are likely to be found,2025 Full V1.6b,2025 Full V1.6b - Operating Practices and Procedures,A7B_1,on 5.290MHz,between 5.364 and 6.370MHz,on 5.380MHz,between 5.4035 and 5.4065MHz.,A,,7B1,Operating practices and procedures,Band plans,AOPP_2
2025-Full6071,"Often the frequency of a data signal is specified by its nominal carrier frequency. A risk with this approach, particularly in the 5.4035MHz sub-band is",2025 Full V1.6b,2025 Full V1.6b - Operating Practices and Procedures,A7B_1,omitting to specify whether it is upper or lower sideband.,data tones being present outside the licenced bandwidth.,confusion as to exactly which frequency the receiver should be tuned.,the possibility of getting the mark and space frequencies reversed.,B,,7B1,Operating practices and procedures,Band plans,AOPP_2
2025-Full6072,One of the 5MHz sub-bands is 10kHz wide. This will allow,2025 Full V1.6b,2025 Full V1.6b - Operating Practices and Procedures,A7B_1,FM signals with 3kHz audio and 3kHz deviation.,a transmitted power of 200W provided it is centred within the sub-band.,up to three SSB transmissions within the sub-band.,AM to be transmitted with up to 5kHz of audio signal.,C,,7B1,Operating practices and procedures,Band plans,AOPP_2
2025-Full6073,5MHz NVIS contacts within the UK should avoid the,2025 Full V1.6b,2025 Full V1.6b - Operating Practices and Procedures,A7B_1,5.2585MHz sub-band.,5.298MHz sub-band.,5.395MHz sub-band.,5.354MHz sub-band.,D,,7B1,Operating practices and procedures,Band plans,AOPP_2
2025-Full6075,Operating 'split' frequency might be considered if,2025 Full V1.6b,2025 Full V1.6b - Operating Practices and Procedures,A7A_1,you are relying on grey-line propagation which has asymmetric propagation characteristics,you are a rare station generating a very large number of callers trying to make contact.,you want full break-in capability on a transceiver which is slow to change from transmit to receive.,your transmissions are overloading the capability of the receiver to reject them.,B,,7A1,Operating practices and procedures,Good operating practices and procedures,AOPP_1
2025-Full6076,The rare island station you are trying to contact often says 'receiving five down'. This means that,2025 Full V1.6b,2025 Full V1.6b - Operating Practices and Procedures,A7A_1,it is looking for distant stations coming in at less than S5 in signal strength.,it will take five more contacts before pausing for a rest or change of band.,it is listening for contacts about 5kHz lower in frequency than transmitting.,it is trying to separate out callers using the IOTA reference numbers.,C,,7A1,Operating practices and procedures,Good operating practices and procedures,AOPP_1
2025-Full6077,The purpose of operating split frequency is to,2025 Full V1.6b,2025 Full V1.6b - Operating Practices and Procedures,A7A_1,reduce the band occupancy so your operation does not take up too much of a band to the detriment of other amateurs.,speed- up and simplify the transmit-receive process by using separate transmitters and receivers.,allow time and opportunity to collect several call signs so you can make a composite reply to all of them.,spread out callers across a small frequency range so you stand some chance of identifying their call signs.,D,,7A1,Operating practices and procedures,Good operating practices and procedures,AOPP_1
2025-Full73,How often is it advisable to test transmissions for radiation of harmonics and other spurious emissions?,2025 Full V1.6b,2025 Full V1.6b - Operating Practices and Procedures,A7A_8,Once every three months,Once every month,From time to time,Never,C,,7A8,Operating practices and procedures,Good operating practices and procedures,AOPP_1
2025-Full741,The holder of a Full Amateur Radio Licence can operate under their licence in which ONE of the following?,2025 Full V1.6b,2025 Full V1.6b - Operating Practices and Procedures,A7H_1,Only countries who are members of the British Commonwealth.,Only countries which are members of the European Community.,A country that has implemented CEPT Recommendation T/R 61-01.,Any country who is a member of the International Telecommunication Union.,C,,7H1,Operating practices and procedures,CEPT and international,AOPP_2
2025-Full742,"When operating temporarily in a European country under T/R 61-01, the rules applicable to amateur radio are those",2025 Full V1.6b,2025 Full V1.6b - Operating Practices and Procedures,A7H_1,in the amateurs own licence plus any extra privileges in the host country,in the amateurs own licence limited by any restrictions in the host country,set out in the amateurs own licence,of the host country,D,,7H1,Operating practices and procedures,CEPT and international,AOPP_2
2025-Full743,To operate abroad under CEPT recommendation T/R 61-01 you must operate,2025 Full V1.6b,2025 Full V1.6b - Operating Practices and Procedures,A7H_1,only with the permission of a host country licensee,in accordance with the requirements of the host country,in accordance with your UK licence conditions,only from the station of another amateur licensee in that country,B,,7H1,Operating practices and procedures,CEPT and international,AOPP_2
2025-Full7946,You are operating from a rare and sought after location but are swamped by requests for a contact such that you cannot identify any incoming callsigns and your replies are similarly swamped. The accepted practice to resolve this situation is to,2025 Full V1.6b,2025 Full V1.6b - Operating Practices and Procedures,A7A_1,reply saying you are listening a few kHz away.,reply saying you will listen only at five minute intervals.,cease operation until the calls die down to a manageable level.,reduce power so fewer people hear your calls.,A,,7A1,Operating practices and procedures,Good operating practices and procedures,AOPP_1
2025-Full7947,The recommended maximum bandwidth on 473.5kHz is,2025 Full V1.6b,2025 Full V1.6b - Operating Practices and Procedures,A7B_1,3kHz.,1.5kHz.,500Hz.,200Hz.,D,,7B1,Operating practices and procedures,Band plans,AOPP_2
2025-Full7949,When operating in other countries you should note that,2025 Full V1.6b,2025 Full V1.6b - Operating Practices and Procedures,A7B_2,a local amateur must supervise your operation.,operation in CEPT countries requires a Notice of Variation.,the UK licence frequency schedule applies.,the band plan in that country may be different.,D,,7B2,Operating practices and procedures,Band plans,AOPP_2
2025-Full8086,When calling CQ for amateurs in other countries you should note that,2025 Full V1.6b,2025 Full V1.6b - Operating Practices and Procedures,A7B_2,you may be expected to give your ITU regional location as well as your call sign.,you may need to register your call sign with the national amateur body for QSL purposes.,licenced frequencies and their band plans may not align with the UK plan.,not all countries run a QSL bureau or record contacts for competition purposes.,C,,7B2,Operating practices and procedures,Band plans,AOPP_2
2025-Full8104,"When operating in other countries, one point to remember is that",2025 Full V1.6b,2025 Full V1.6b - Operating Practices and Procedures,A7B_2,you must advise Ofcom of your intentions before you travel.,the power limits in your UK licence continue to apply.,you must still include the RSL of your home address in your call sign.,The local band plans may differ from those in the UK.,D,,7B2,Operating practices and procedures,Band plans,AOPP_2
2025-Full174,"In a house with Protective Multiple Earthing, the house mains earth and the neutral are",2025 Full V1.6b,2025 Full V1.6b - Safety,A8A_2,completely isolated from each other,bonded together where the supply enters the house,connected together at the substation transformer,grounded by a copper spike,B,,8A2,Safety,Electricity,AS_1
2025-Full176,Amateur radio masts and antennas in exposed high locations need to be protected against,2025 Full V1.6b,2025 Full V1.6b - Safety,A8E_1,exposure to ultra-violet radiation,static build up during thunderstorms,bird strike,low flying aircraft,B,,8E1,Safety,Lightning,AS_2
2025-Full177,Thunder storms are a risk to an amateur station because,2025 Full V1.6b,2025 Full V1.6b - Safety,A8E_1,lightning is attracted to electro-magnetic radiation,static build up on the antenna system can damage electronic equipment connected to it,a lightning strike has the potential to induce eddy currents in the earth system,antenna systems are always connected to earth,B,,8E1,Safety,Lightning,AS_2
2025-Full186,"For a licensed radio amateur, using a hand-held microphone whilst driving a moving vehicle is, in itself",2025 Full V1.6b,2025 Full V1.6b - Safety,A8F_5,illegal,ill-advised,best practice,recommended,B,,8F5,Safety,Working mobile and portable,AS_3
2025-Full188,Before transmitting from a temporary location it is most advisable to check,2025 Full V1.6b,2025 Full V1.6b - Safety,A8F_4,propagation forecasts,the conductivity of the soil,for nearby trees,the adequacy of the electrical supply to be used,D,,8F4,Safety,Working mobile and portable,AS_3
2025-Full189,When operating a station in an outdoor location an amateur should,2025 Full V1.6b,2025 Full V1.6b - Safety,A8F_4,take precautions to ensure that mains operated equipment is provided with suitable RF earth,only use battery-operated equipment,take precautions to ensure that mains operated equipment is provided with suitable safety earth,disconnect the mains safety earth,C,,8F4,Safety,Working mobile and portable,AS_3
2025-Full190,When operating your station in an outdoor location which one of the following precautions is most appropriate to protect you from danger from overhead power lines?,2025 Full V1.6b,2025 Full V1.6b - Safety,A8F_4,Ensure a suitable safety earth is provided,Protect the antenna and feeder by using a PME system,Only use battery-operated equipment,Ensure that all antennas and feeders are kept clear of overhead power cables,D,,8F4,Safety,Working mobile and portable,AS_3
2025-Full191,Mains powered equipment presents a higher risk to safety mainly because,2025 Full V1.6b,2025 Full V1.6b - Safety,A8A_1,more radio frequency energy is produced,valves emit non-ionising radiation,higher electrical potentials are likely to be present,there may be broken glass inside the equipment,C,,8A1,Safety,Electricity,AS_1
2025-Full194,"If it is unavoidable to make adjustments to live high voltage equipment while it is switched on, the operator should",2025 Full V1.6b,2025 Full V1.6b - Safety,A8A_6,use only a battery power supply,wear safety goggles,place the equipment on an insulating mat,use only one hand,D,,8A6,Safety,Electricity,AS_1
2025-Full3355,In a domestic Protective Multiple Earth (PME) electrical system,2025 Full V1.6b,2025 Full V1.6b - Safety,A8A_2,earthed equipment will be safe if the neutral supply fails,an earthing stake must be connected to the main earth terminal,the main earth terminal will provide an excellent earth for RF,the neutral supply is at the same potential as the main earth terminal,D,,8A2,Safety,Electricity,AS_1
2025-Full3356,"Where a number of properties are supplied by a Protective Multiple Earth (PME) electrical system, in the event of neutral fault conditions in the electrical supply system",2025 Full V1.6b,2025 Full V1.6b - Safety,A8A_2,the chassis of earthed equipment will always be at earth potential,amateur radio signals will travel into neighbouring properties more easily,there will be less danger of fires or electric shock in amateur radio stations,the chassis of earthed equipment may rise to mains supply potential,D,,8A2,Safety,Electricity,AS_1
2025-Full4004,A possible consequence of installing an RF earth rod alongside a PME mains electricity supply is that under some fault conditions,2025 Full V1.6b,2025 Full V1.6b - Safety,A8A_2,the house earth and exposed metalwork could rise in potential to close to the normal 'live' level of the mains supply,the supply voltage could drop more often to a lower voltage than that experienced by non-PME supplies,it is much harder to ensure exposed metalwork such a copper pipes are properly insulated from earth,"PME supplies are always derived from a 3-phase system, increasing the likelihood of third harmonic distortion",A,,8A2,Safety,Electricity,AS_1
2025-Full4018,A lightning strike can occur when,2025 Full V1.6b,2025 Full V1.6b - Safety,A8E_1,the rainfall intensity is sufficient to provide a conductive path,an outside antenna provides an attractive target for a strike,a high static charge ionises the air between a thunder cloud and the ground,RF from a transmitting antenna ionises the air close to the antenna,C,,8E1,Safety,Lightning,AS_2
2025-Full4098,You have finished operating at the end of the day and you are aware that there is a strong possibility of thunder storms. You should:,2025 Full V1.6b,2025 Full V1.6b - Safety,A8E_1,remember that a neighbour's house was recently struck by lightning and that lightning does not strike twice.,leave the antenna and radio connected as it is a mains operated set and has an earth lead.,disconnect the equipment from the mains and the antenna.,disconnect the antenna from the antenna socket but leave it resting against the chassis of the radio.,C,,8E1,Safety,Lightning,AS_2
2025-Full4099,Which of the following statements concerning the protection of an amateur radio station from a direct lightning strike is true?,2025 Full V1.6b,2025 Full V1.6b - Safety,A8E_1,You should switch off the mains where it enters the property where the station is located.,You should make sure your antenna is lower than your TV aerial.,You cannot take any precautions even with regards to distant lightning strikes.,You cannot protect against a direct strike.,D,,8E1,Safety,Lightning,AS_2
2025-Full6064,The purpose of conducting a risk assessment is to,2025 Full V1.6b,2025 Full V1.6b - Safety,A8F_6,provide evidence to health and safety officials that you had considered the risks after an accident has occurred.,satisfy your insurance company that you have addressed the matter and thus obtain insurance cover.,draw up a suitable document which is required by the owner of the premises proposed for an event.,identify the likelihood and severity of potential accidents along with mitigation and remedial measures.,D,,8F6,Safety,Working mobile and portable,AS_4
2025-Full6065,When seeking insurance cover for an event open to the public the insurers will likely expect,2025 Full V1.6b,2025 Full V1.6b - Safety,A8F_6,you to advise the emergency services of the nature and location of the event to allow a speedy response if it is required.,"to see evidence you have identified the risks involved, sought to minimise risk and outcome and kept records of that process.",you to take all due precautions and remember to advise the visiting public what they can and cannot do.,you to have guides to keep visitors at a safe distance from masts and other structures that could cause injury.,B,,8F6,Safety,Working mobile and portable,AS_4
2025-Full6066,To ensure a public amateur radio demonstration does not cause RF fields above a safe level you should check the guidance provided by the,2025 Full V1.6b,2025 Full V1.6b - Safety,A8D_1,ICNIRP,RSGB,IET or IEEE,local authority,A,,8D1,Safety,Working with RF,AS_2
2025-Full6067,ICNIRP provide information and guidance on,2025 Full V1.6b,2025 Full V1.6b - Safety,A8D_1,safe voltage levels for human contact.,safe levels of radio frequency fields.,static protection measures for sensitive components.,protection and mitigation measures against lightning.,B,,8D1,Safety,Working with RF,AS_2
2025-Full755,"A significant risk in a motor vehicle, not normally a problem in a house, is",2025 Full V1.6b,2025 Full V1.6b - Safety,A8F_5,the lower height and movement of the vehicle causing lower signal strength and deep fades,the Doppler effect associated with the vehicle speed,chafing of wires and resulting possibility of shorting to the electrical earth,interference and EMC issues to many more people and houses as the vehicle moves,C,,8F5,Safety,Working mobile and portable,AS_3
2025-Full7756,"Unless the instruction expressly permits, you should NOT",2025 Full V1.6b,2025 Full V1.6b - Safety,A8F_7,refill a portable generator while it is running.,place a fire extinguisher more than 5m from a portable generator.,use an RCD on the 230V supply from a portable generator.,switch on an additional load after a portable generator has started.,A,,8F7,Safety,Working mobile and portable,AS_4
2025-Full7952,The purpose of the ICNIRP limits is to,2025 Full V1.6b,2025 Full V1.6b - Safety,A8D_1,ensure that the general public are not exposed to unsafe levels of ionising radiation.,ensure that the general public are not exposed to unsafe levels of non-ionising radiation.,advise on upper limits to avoid excessive RF pollution and interference.,advise on recommended power levels required for international communications.,B,,8D1,Safety,Working with RF,AS_2
2025-Full7953,What important action or check has not been performed in planning this outdoor operating trip?,2025 Full V1.6b,2025 Full V1.6b - Safety,A8F_4,Correct fusing.,Check local supply adequate.,Provision of RCBOs.,Site survey.,D,2025-Full7953.png,8F4,Safety,Working mobile and portable,AS_3
2025-Full7954,"When planning to take UK mains powered equipment overseas, it is necessary to check",2025 Full V1.6b,2025 Full V1.6b - Safety,A8F_4,the voltage and frequency of the local mains supplies.,the availability of local amateurs to formally supervise.,that the UK licence Schedule covers operation in that country.,the propagation path back to the UK supports contacts.,A,,8F4,Safety,Working mobile and portable,AS_3
2025-Full7956,A risk assessment should be carried out,2025 Full V1.6b,2025 Full V1.6b - Safety,A8F_6,as part of the normal planning for any event.,immediately after an accident when all the details are fresh.,when requested by an appropriate authority.,in response to a third party claim following an incident.,A,,8F6,Safety,Working mobile and portable,AS_4
2025-Full7958,"When operating outdoors with power from an electrical generator, fire extinguishers should be stored",2025 Full V1.6b,2025 Full V1.6b - Safety,A8F_7,inside the operating tent to protect from rain and excessive cold.,alongside the fuel store to minimise carrying in an emergency.,alongside the generator for speed of access in the event of a fire.,where they are clearly visible and not alongside the generator or fuel store.,D,,8F7,Safety,Working mobile and portable,AS_4
2025-Full7959,"When operating outdoors with power from an electrical generator, the fuel should be stored",2025 Full V1.6b,2025 Full V1.6b - Safety,A8F_7,close to the operating tent where it can be seen in the dark.,away from the generator and fire extinguishers.,alongside the generator where it will be needed for easy refuelling.,with the fire extinguishers for quick access in a fire.,B,,8F7,Safety,Working mobile and portable,AS_4
2025-Full7968,You hold a Radio Club event where a Third Party lodges a claim for an injury. Your Insurance Company is likely to ask you for a copy of,2025 Full V1.6b,2025 Full V1.6b - Safety,A8F_6,the antenna element calculations.,the band plans used for the event.,your Ofcom Club Radio Licence.,the Risk Assessment for the event.,D,,8F6,Safety,Working mobile and portable,AS_4
2025-Full8124,Care should be taken when working on mains powered equipment because,2025 Full V1.6b,2025 Full V1.6b - Safety,A8A_1,lethal voltages may be exposed once the case is opened.,quantities of dust may be released when the cover is opened.,warm components could be exposed when the case is removed.,exposure to the air may cause malfunctions when the case is opened.,A,,8A1,Safety,Electricity,AS_1
2025-Full8125,A sensible safety precaution when working on live equipment is to ensure that,2025 Full V1.6b,2025 Full V1.6b - Safety,A8A_6,the work area is not too dirty,test lead insulation is not damaged,your cup of tea does not get too cold,the workbench is at the correct height,B,,8A6,Safety,Electricity,AS_1
2025-Full8044,What is the level of the second harmonic expressed in units of dBc?,2025 Full V1.6b,2025 Full V1.6b - Measurements and construction,A9A_9,Negative (-)44dBc,Negative (-)29dBc,Negative (-)35dBc,Negative (-)14dBc,D,2025-Full8044.png,9A9,Measurements and construction,Measurements,AMC_3
2025-Full8045,What is the level of the third harmonic expressed in units of dBc?,2025 Full V1.6b,2025 Full V1.6b - Measurements and construction,A9A_9,Negative (-)44dBc,Negative (-)40dBc,Negative (-)29dBc,Negative (-)25dBc,C,2025-Full8045.png,9A9,Measurements and construction,Measurements,AMC_3
2025-Full8046,"The RF noise extends across the spectrum as shown but may not be noticeable where there is a stronger signal. What, approximately, is the RF signal to noise ratio of the signal at 1.8MHz?",2025 Full V1.6b,2025 Full V1.6b - Measurements and construction,A9A_9,Negative (-)78dB,63dB,25dB,15dB,B,2025-Full8046.png,9A9,Measurements and construction,Measurements,AMC_3
2025-Full8047,A voltmeter comprises a microammeter and a series 'multiplier' resistor of 100kΩ. The reading between points A and C is 9V. Between A and B it is 3V and between B and C it is 3V. What are the two unknown components?,2025 Full V1.6b,2025 Full V1.6b - Measurements and construction,A9A_1,Both are 100kΩ resistors.,Component AB is a resistor and component BC is a 3V Zener diode.,Component AB is a 3V Zener diode and component BC is a resistor.,Both are 3V Zener diodes.,A,2025-Full8047.png,9A1,Measurements and construction,Measurements,AMC_1
2025-Full140,The power output of a piece of equipment is specified in Peak Envelope Power. What type of output is this?,2025 Full V1.6b,2025 Full V1.6b - Measurements and construction,A9A_5,The DC input power stage of an SSB transmitter,The AF power output of an SSB receiver,The RF power output of an SSB transmitter,The AF power to the transmitter modulator,C,,9A5,Measurements and construction,Measurements,AMC_2
2025-Full145,Peak envelope power (PEP) is the power,2025 Full V1.6b,2025 Full V1.6b - Measurements and construction,A9A_5,averaged over one audio cycle of maximum modulation,in the unmodulated carrier,over one RF cycle at the crest of the modulation,obtained by doubling the carrier power on SSB,C,,9A5,Measurements and construction,Measurements,AMC_2
2025-Full157,"An amateur band extends from 28.000MHz to 29.700MHz. To mark the edges of the band, a crystal calibrator needs to have a fundamental frequency of",2025 Full V1.6b,2025 Full V1.6b - Measurements and construction,A9A_6,200kHz,1MHz,100kHz,10MHz,C,,9A6,Measurements and construction,Measurements,AMC_3
2025-Full161,"Which ONE of the following would be used to check for the second and third harmonics, when using a transmitter which is set to a frequency of 14.150MHz?",2025 Full V1.6b,2025 Full V1.6b - Measurements and construction,A9A_6,An RF power meter,An SWR meter,An HF/VHF receiver,A digital frequency meter,C,,9A6,Measurements and construction,Measurements,AMC_3
2025-Full164,The accuracy of a digital frequency counter is determined by the,2025 Full V1.6b,2025 Full V1.6b - Measurements and construction,A9A_6,number of digits on the display,the internal crystal oscillator,strength of the signal being measured,depth of modulation of the signal,B,,9A6,Measurements and construction,Measurements,AMC_3
2025-Full167,To check the frequency of a transmitter in the 40m and 10m bands a crystal calibrator with a 1MHz crystal and switchable divide by 10 integrated circuit is better than one with just a 100kHz crystal because,2025 Full V1.6b,2025 Full V1.6b - Measurements and construction,A9A_6,the percentage frequency drift of the 1MHz crystal will be reduced by a factor of 10,it is more difficult to find the correct harmonic of a 100kHz,1MHz crystals are more readily available if a replacement is required,lower frequency crystals have a higher temperature coefficient,B,,9A6,Measurements and construction,Measurements,AMC_3
2025-Full171,An analogue meter with a Full Scale Deflection of 50µA can be converted to a voltmeter with a Full Scale Deflection of 5V by adding a,2025 Full V1.6b,2025 Full V1.6b - Measurements and construction,A9A_1,"shunt resistor in parallel, with value 1mΩ","shunt resistor in parallel, with value 100kΩ","multiplier resistor in series, with value 100kΩ","multiplier resistor in series, with value 1mΩ",C,,9A1,Measurements and construction,Measurements,AMC_1
2025-Full287,If the value of a capacitor is found to increase as the temperature of the circuit increases it is said to have,2025 Full V1.6b,2025 Full V1.6b - Measurements and construction,A9C_1,no temperature coefficient,a dynamic temperature coefficient,a positive temperature coefficient,a negative temperature coefficient,C,,9C1,Measurements and construction,Components,AMC_5
2025-Full288,A capacitor whose value decreases as temperature increases has a,2025 Full V1.6b,2025 Full V1.6b - Measurements and construction,A9C_1,a negative temperature coefficient,a dynamic temperature coefficient,a positive temperature coefficient,zero temperature coefficient,A,,9C1,Measurements and construction,Components,AMC_5
2025-Full290,A crystal is used inside a temperature controlled oven. The purpose of the oven is to,2025 Full V1.6b,2025 Full V1.6b - Measurements and construction,A9C_1,maintain the frequency stability,reduce the reverse bias current,cause the crystal to operate on a harmonic frequency,stabilise the turn-on voltage,A,,9C1,Measurements and construction,Components,AMC_5
2025-Full335,"A receiver is quoted as having a signal to noise ratio of 10dB with 0.2mV at its input. This is tested and a 0.2mV RF input signal modulated with a single tone gives, 1W of audio power at the loudspeaker, accompanied by an audio background noise of approximately",2025 Full V1.6b,2025 Full V1.6b - Measurements and construction,A9B_1,1W,100mW,0.2mV,10mW,B,,9B1,Measurements and construction,Decibels,AMC_4
2025-Full336,A long length of feeder is connected to a transmitter producing 100W. The loss in the feeder is 6dB. This is connected to antenna of gain 10dB. The effective radiated power (erp) is approximately,2025 Full V1.6b,2025 Full V1.6b - Measurements and construction,A9B_1,1000W,25W,104W,250W,D,,9B1,Measurements and construction,Decibels,AMC_4
2025-Full337,The unit dBm is often used to express power with respect to1mW; that is 0dBm=1mW. What power is 20dBm?,2025 Full V1.6b,2025 Full V1.6b - Measurements and construction,A9B_1,1000mW,100mW,1mW,10mW,B,,9B1,Measurements and construction,Decibels,AMC_4
2025-Full3424,A meter connected between point A and earth will indicate,2025 Full V1.6b,2025 Full V1.6b - Measurements and construction,A9A_7,Return Loss,Reverse Power,Standing Wave Ratio,Forward Power,D,2025-Full3424.svg,9A7,Measurements and construction,Measurements,AMC_3
2025-Full3576,An air cored inductor has a positive temperature coefficient of inductance. Capacitors can be obtained with either positive or negative temperature coefficients. The combined temperature coefficient of the capacitors in a tuned circuit should be,2025 Full V1.6b,2025 Full V1.6b - Measurements and construction,A9C_1,zero or as low as possible.,positive and numerically equal to that of the coil.,negative and numerically equal to that of the coil.,twice that of the coil to offset the effect of the coil.,C,,9C1,Measurements and construction,Components,AMC_5
2025-Full3590,The sensitivity of a receiver is being checked. The RF signal generator will only go down to 20µV so an attenuator giving 2µV is fitted. That is an attenuation of,2025 Full V1.6b,2025 Full V1.6b - Measurements and construction,A9B_1,10dB,18dB,20dB,2dB,C,,9B1,Measurements and construction,Decibels,AMC_4
2025-Full3614,A 1 to 30MHz HF transmitter is checked against a very accurate off-air frequency standard to within 100Hz. The specification of the transmitter crystal oscillator is 0.1ppm per degree C and an ageing drift of 5ppm per year. The room and crystal temperature vary by up to 10 degrees. The earliest that the transmitter may be outside its 500Hz accuracy specification will be during,2025 Full V1.6b,2025 Full V1.6b - Measurements and construction,A9A_3,year 4,year 3,year 2,year 5,B,,9A3,Measurements and construction,Measurements,AMC_1
2025-Full3647,The oscilloscope displaying the waveform shown is set to a sensitivity of 5mV per division and timebase 1ms per division. What is the peak amplitude of the waveform?,2025 Full V1.6b,2025 Full V1.6b - Measurements and construction,A9A_8,20mV,25mV,40mV,5mV,A,2025-Full3647.svg,9A8,Measurements and construction,Measurements,AMC_3
2025-Full3655,What device is shown in the circuit diagram?,2025 Full V1.6b,2025 Full V1.6b - Measurements and construction,A9A_7,Deviation monitor,Heterodyne wave-meter,Absorption wave-meter,SWR meter,D,2025-Full3655.svg,9A7,Measurements and construction,Measurements,AMC_3
2025-Full3656,In the device shown the switch would be labelled,2025 Full V1.6b,2025 Full V1.6b - Measurements and construction,A9A_7,On/Off,Forward/Reverse,VHF/UHF,High Power/Low Power,B,2025-Full3656.svg,9A7,Measurements and construction,Measurements,AMC_3
2025-Full3812,In the circuit below the battery supplies 12 Volts and R1 and R2 are both 100kOhms. Which combined internal resistance and multiplier resistor in the voltmeter will have the LEAST effect on the circuit being tested?,2025 Full V1.6b,2025 Full V1.6b - Measurements and construction,A9A_1,1M ohms,50k ohms,10k ohms,100k ohms,A,2025-Full3812.svg,9A1,Measurements and construction,Measurements,AMC_1
2025-Full3814,"When making voltage measurements with an analogue volt-meter, you suspect that the meter may be affecting the operation of the circuit. A simple way of checking this is to:",2025 Full V1.6b,2025 Full V1.6b - Measurements and construction,A9A_1,reduce the supply voltage to the circuit and repeat the test,switch to a higher voltage range and see if the reading is the same,switch off and repeat the test a few minutes later,use a different volt meter with a lower shunt resistance,B,,9A1,Measurements and construction,Measurements,AMC_1
2025-Full3815,"In the diagram below, the two meters are used to indicate",2025 Full V1.6b,2025 Full V1.6b - Measurements and construction,A9A_7,Whether the feeder is balanced,Forward and Reflected Power,Resistance and Current,The velocity factor of the feeder,B,2025-Full3815.svg,9A7,Measurements and construction,Measurements,AMC_3
2025-Full3830,"In the diagram below, what are the two meters used to measure?",2025 Full V1.6b,2025 Full V1.6b - Measurements and construction,A9A_7,Resistance and Current,The velocity factor of the feeder,Forward and Reflected Power,Whether the feeder is balanced,C,2025-Full3830.svg,9A7,Measurements and construction,Measurements,AMC_3
2025-Full3831,The circuit below shows,2025 Full V1.6b,2025 Full V1.6b - Measurements and construction,A9A_7,a standing wave ratio meter,a low power balun,a feeder velocity factor meter,an antenna matching unit (AMU),A,2025-Full3831.svg,9A7,Measurements and construction,Measurements,AMC_3
2025-Full3925,What will be the maximum frequency error of the 7th harmonic of a 10MHz crystal calibrator when it has been adjusted using a frequency counter which has a clock accuracy of 3ppm?,2025 Full V1.6b,2025 Full V1.6b - Measurements and construction,A9A_3,30Hz,210Hz,420Hz,60Hz,B,,9A3,Measurements and construction,Measurements,AMC_1
2025-Full3926,"A 10MHz quartz crystal oscillator is understood to have a negative frequency drift of 2ppm/year. What would you expect its frequency to be, 3 years after calibration?",2025 Full V1.6b,2025 Full V1.6b - Measurements and construction,A9A_3,"10.000,004MHz","9.999,996MHz","9.999,940MHz","10.000,060MHz",C,,9A3,Measurements and construction,Measurements,AMC_1
2025-Full3927,"You wish to transmit a 3kHz wide, USB signal on the 17m band (18.068 MHz to 18.168 MHz) using a transmitter that is fitted with a free running Variable Frequency Oscillator (VFO). The VFO frequency is known to drift upwards at 850Hz/hr. What is the highest dial frequency you could use for 2hr whilst being sure you are still operating within band?",2025 Full V1.6b,2025 Full V1.6b - Measurements and construction,A9A_3,18.1636MHz,18.1610MHz,18.1680MHz,18.1633MHz,D,,9A3,Measurements and construction,Measurements,AMC_1
2025-Full4005,The drawing shows an ammeter circuit used to monitor the current in a power supply. The variable resistor has a maximum value of about 10% of the resistance of the meter movement and is used for calibration. Modifications have increased the supply from a maximum of 2A to 5A and the meter circuit needs to be modified accordingly. What change is needed to accomplish this?,2025 Full V1.6b,2025 Full V1.6b - Measurements and construction,A9A_1,Connect a resistor of equal value to the resistance of the meter movement in parallel with the calibration resistor and check calibration,"Adjust the variable resistor to increase its value, checking against an external ammeter",Increase the shunt resistance from its present value of 38mΩ to 95mΩ and check calibration,Reduce the shunt resistance from its present value of 38mΩ to 15mΩ and check calibration,D,2025-Full4005.svg,9A1,Measurements and construction,Measurements,AMC_1
2025-Full4006,"The diagram shows an oscilloscope trace of a sine wave with significant second harmonic distortion. The oscilloscope settings are; time base 500ns/division, y-axis 20mV/division. What is the frequency of the fundamental signal and its peak amplitude?",2025 Full V1.6b,2025 Full V1.6b - Measurements and construction,A9A_8,Frequency 250kHz Amplitude 70mV,Frequency 2.5MHz Amplitude 35mV,Frequency 250kHz Amplitude 35mV,Frequency 2.5MHz Amplitude 70mV,A,2025-Full4006.svg,9A8,Measurements and construction,Measurements,AMC_3
2025-Full4007,The trace on an oscilloscope occupies most of the height of the screen and about two cycles are shown across the screen but is drifting to the left. To stabilise the drift which control should be adjusted?,2025 Full V1.6b,2025 Full V1.6b - Measurements and construction,A9A_8,the trigger control until the trace stabilises,the time base to less time per division,the time base to more time per division,the amplitude control until the trace stabilises,A,,9A8,Measurements and construction,Measurements,AMC_3
2025-Full4025,An oscilloscope is displaying 10 cycles of RF from a transmitter on the 20m band. The transmitter is changed to the 40m band. Which adjustment should be made to display 10 cycles on the new band?,2025 Full V1.6b,2025 Full V1.6b - Measurements and construction,A9A_8,Set the X gain control to twice its current V/cm setting,Set the timebase to twice the previous µs/cm value,Set the Y gain control to twice its current V/cm setting,Set the timebase to half the previous µs/cm value,B,,9A8,Measurements and construction,Measurements,AMC_3
2025-Full4038,A frequency counter has a 10MHz oscillator known to be accurate to 100 parts per million and this has been used to measure the carrier frequency of an FM transmission. The transmission bandwidth is 10kHz. What is the highest dial frequency that the operator may set on the 28MHz band to be confident that their signals remain within the allowed amateur band?,2025 Full V1.6b,2025 Full V1.6b - Measurements and construction,A9A_3,29.692MHz,29.675MHz,29.687MHz,29.694MHz,A,,9A3,Measurements and construction,Measurements,AMC_1
2025-Full4039,A frequency counter is used to measure the frequency of a very accurate 10MHz oscillator and the readout says 9.999000MHz. This counter is then used to measure the frequency of a 2m transmitter and it reads 144.300000MHz. What is the frequency of the transmitter?,2025 Full V1.6b,2025 Full V1.6b - Measurements and construction,A9A_3,144.301000MHz,144.314431MHz,144.300000MHz,144.285570MHz,B,,9A3,Measurements and construction,Measurements,AMC_1
2025-Full6055,A crystal oscillating at 8100kHz has a temperature coefficient of -23ppm per degreeC. It was accurately calibrated at 20°C. What is the frequency of oscillation at 65°C?,2025 Full V1.6b,2025 Full V1.6b - Measurements and construction,A9C_1,8099.8kHz,8091.6kHz,8087.9kHz,8108.4kHz,B,,9C1,Measurements and construction,Components,AMC_5
2025-Full6058,Which control should be adjusted to show the sidebands of an amplitude modulated signal more clearly?,2025 Full V1.6b,2025 Full V1.6b - Measurements and construction,A9A_9,Span,Gain,Sweep rate,Centre frequency,A,2025-Full6058.svg,9A9,Measurements and construction,Measurements,AMC_3
2025-Full6060,What is the level of the second harmonic of the 1.8MHz transmission?,2025 Full V1.6b,2025 Full V1.6b - Measurements and construction,A9A_9,30dB,Negative (-)30dBc,Negative (-)35dB,Negative (-)35dBc,D,2025-Full6060.png,9A9,Measurements and construction,Measurements,AMC_3
2025-Full6061,What is the level of the third harmonic of the 1.8MHz transmission?,2025 Full V1.6b,2025 Full V1.6b - Measurements and construction,A9A_9,Negative (-)34dB,Negative (-)25dB,Negative (-)34dBc,Negative (-)25dBc,D,2025-Full6061.png,9A9,Measurements and construction,Measurements,AMC_3
2025-Full6063,An RF signal generator has a 50Ω output impedance and is able to produce signals up to 1V rms. The output is adjusted using a high impedance oscilloscope to display a trace of 283mV peak to peak. The oscilloscope is disconnected and the sig gen is then connected to a 20dB attenuator to a receiver which displays the rms signal voltage at its input. What reading is expected?,2025 Full V1.6b,2025 Full V1.6b - Measurements and construction,A9A_4,0.5mV,1mV,5mV,10mV,C,2025-Full6063.svg,9A4,Measurements and construction,Measurements,AMC_2
2025-Full7644,A home made transmitter uses a crystal at 3.5MHz multiplied up to 28MHz. The crystal is specified as 0.5ppm per degree C. At switch on the room is at 18C but inside the transmitter case is 36C when warmed up. By how much will the transmitted frequency vary in that time?,2025 Full V1.6b,2025 Full V1.6b - Measurements and construction,A9C_1,32Hz,63Hz,252Hz,504Hz,C,,9C1,Measurements and construction,Components,AMC_5
2025-Full7759,A LC oscillator has been designed to oscillate at 8 MHz. You are confident of the accuracy of the capacitor but the inductor is 2% low in value. What will be the frequency of oscillation?,2025 Full V1.6b,2025 Full V1.6b - Measurements and construction,A2A_1,7.84 MHz,7.92 MHz,8.08 MHz,8.16 MHz,C,,2A1,Technical aspects,Fundamental theory,AMC_5
2025-Full7884,The drawing shows an FET circuit biased by R1 and R2. R1 is 80kΩ and R2 is 20kΩ. Both resistors are 10% tolerance. The bias voltage might be lower than its design value by a maximum of,2025 Full V1.6b,2025 Full V1.6b - Measurements and construction,A2A_1,100 mV,180 mV,200 mV,300 mV,D,2025-Full7884.png,2A1,Technical aspects,Fundamental theory,AMC_5
2025-Full7964,An RF amplifier is required to bring the 200mV output from an oscillator up to 4V to drive the output transistors in a transmitter. How much gain will you need?,2025 Full V1.6b,2025 Full V1.6b - Measurements and construction,A9B_1,26dB,20dB,13dB,10dB,A,,9B1,Measurements and construction,Decibels,AMC_4
2025-Full7965,An RF preamplifier is required to bring the 0.2µV signal from the antenna to the 8µV required by the main receiver for best noise performance. What is the preamplifier gain?,2025 Full V1.6b,2025 Full V1.6b - Measurements and construction,A9B_1,16dB,19dB,29dB,32dB,D,,9B1,Measurements and construction,Decibels,AMC_4
2025-Full7966,Identify all the capacitors (if any) where the tolerance on their actual value will have an effect on the lowest frequency which the amplifier shown will handle.,2025 Full V1.6b,2025 Full V1.6b - Measurements and construction,A2A_1,"C1, C2 and C3.","C1, C2 but not C3.",C3 but not C1 and not C2.,none.,A,2025-Full7966.png,2A1,Technical aspects,Fundamental theory,AMC_5
2025-Full7967,Identify all the capacitors (if any) where the tolerance on their actual value will have an effect on the highest frequency which the amplifier shown will handle.,2025 Full V1.6b,2025 Full V1.6b - Measurements and construction,A2A_1,"C1, C2 and C3.","C1, C2 but not C3",C3 but not C1 and not C2.,none.,D,2025-Full7967.png,2A1,Technical aspects,Fundamental theory,AMC_5
2025-Full7997,An oscilloscope is being used with a half-wave dipole antenna to monitor a received signal. The trace shows 282mV peak-to-peak. However when you also connect this assembly to your radio receiver it shows 6dB lower. Why?,2025 Full V1.6b,2025 Full V1.6b - Measurements and construction,A9A_4,"Your previous observation was of the peak voltage, not the peak-to-peak voltage.",Your previous observation did not allow for peak-to-peak to RMS conversion.,The receiver has a 50Ω input impedance for correct matching to 50Ω systems.,In disconnecting the oscilloscope you also inadvertently disconnected the audio to the transmitter.,C,,9A4,Measurements and construction,Measurements,AMC_2
2025-Full8066,The drawing shows a potential divider where R1 is 80kΩ and R2 is 20kΩ. Both resistors are 5% tolerance. What is the maximum deviation of the output voltage from its design value?,2025 Full V1.6b,2025 Full V1.6b - Measurements and construction,A2A_1,65 mV,100 mV,165 mV,200 mV,C,2025-Full8066.png,2A1,Technical aspects,Fundamental theory,AMC_5
2025-Full830,An oscilloscope is displaying an AC signal showing 6 cycles across 6 divisions on the x-axis of the screen. The time base is set to 10ms per division. What is the frequency of the AC signal?,2025 Full V1.6b,2025 Full V1.6b - Measurements and construction,A9A_8,60Hz,1kHz,100Hz,600Hz,C,,9A8,Measurements and construction,Measurements,AMC_3
2025-Full833,An oscilloscope is displaying an AC signal showing 5 cycles across 5 divisions on the x-axis of the screen. The time base is set to 5µs per division. What is the frequency of the AC signal?,2025 Full V1.6b,2025 Full V1.6b - Measurements and construction,A9A_8,5MHz,25kHz,5kHz,200kHz,D,,9A8,Measurements and construction,Measurements,AMC_3
